t,x,y,yaw,v,w,v_cmd,w_cmd
0.0,2.77526096,-3.23935096,-3.09461306,0.25213006,-0.01207997,0.25,-0.05621295
0.1,2.74978266,-3.24054661,-3.09634044,0.24984159,-0.02113007,0.25,-0.05621295
0.2,2.72427482,-3.24173182,-3.0982242,0.2498959,-0.01792878,0.25,-0.05513132
0.3,2.69882222,-3.24281024,-3.10009341,0.24920126,-0.02123406,0.25,-0.05513132
0.4,2.67340993,-3.24384204,-3.10145695,0.24751912,-0.0130522,0.25,-0.05337581
0.5,2.64799422,-3.24483416,-3.1027309,0.24862891,-0.01251694,0.25,-0.051425
0.6,2.62252055,-3.24582084,-3.10414101,0.25187719,-0.01503845,0.25,-0.051425
0.7,2.59702548,-3.24676531,-3.1055682,0.25179284,-0.01474873,0.25,-0.05031581
0.8,2.5800322,-3.24736904,-3.10656766,0.2526918,-0.01291491,0.25,-0.05031581
0.9,2.5545072,-3.24827074,-3.10785536,0.25105897,-0.01679201,0.25,-0.04864178
1.0,2.52892242,-3.24913845,-3.10909227,0.25089961,-0.0140359,0.25,-0.04864178
1.1,2.50332995,-3.24996666,-3.11024848,0.25055669,-0.01201445,0.25,-0.04613766
1.2,2.47781583,-3.25074032,-3.11144885,0.25119076,-0.0154022,0.25,-0.04613766
1.3,2.45231803,-3.25151132,-3.11298174,0.24813239,-0.01279067,0.25,-0.04405066
1.4,2.42682062,-3.2522366,-3.11422733,0.25013433,-0.00980754,0.25,-0.0425508
1.5,2.40135635,-3.25291871,-3.11543691,0.24751536,-0.00973442,0.25,-0.0425508
1.6,2.37593335,-3.25356501,-3.11636952,0.25206986,-0.00942957,0.25,-0.04136968
1.7,2.35046014,-3.25419542,-3.11726924,0.24956141,-0.00753255,0.25,-0.04136968
1.8,2.32496044,-3.25481629,-3.118212,0.25065798,-0.00847034,0.25,-0.03979499
1.9,2.29946641,-3.25540171,-3.1193777,0.24764569,-0.01099889,0.25,-0.03808961
2.0,2.27395046,-3.25595812,-3.12043268,0.25046766,-0.01121728,0.25,-0.03808961
2.1,2.24839108,-3.25650337,-3.1213904,0.24827972,-0.00878518,0.25,-0.03744288
2.2,2.22282734,-3.25702715,-3.1222527,0.25122207,-0.00950386,0.25,-0.03744288
2.3,2.19732527,-3.25751778,-3.12317424,0.25012929,-0.00954397,0.25,-0.03615035
2.4,2.17182353,-3.25798168,-3.12425723,0.25009252,-0.01242731,0.25,-0.03401288
2.5,2.15482273,-3.25827493,-3.1250113,0.25009684,-0.011756,0.25,-0.03401288
2.6,2.12932383,-3.25868722,-3.12604296,0.2498406,-0.01316937,0.25,-0.03352679
2.7,2.10386042,-3.25906222,-3.12689801,0.24852629,-0.00712588,0.25,-0.03352679
2.8,2.07840779,-3.25942725,-3.12765542,0.2490842,-0.00603702,0.25,-0.03098953
2.9,2.05290478,-3.25977973,-3.1282859,0.24807239,-0.00688344,0.25,-0.02957657
3.0,2.02739746,-3.26011774,-3.12902124,0.2507582,-0.00716577,0.25,-0.02957657
3.1,2.00188852,-3.26043253,-3.12992058,0.24935775,-0.00803066,0.25,-0.02921709
3.2,1.97635506,-3.26073135,-3.13068165,0.25017061,-0.0053676,0.25,-0.02921709
3.3,1.95080659,-3.26101312,-3.13130267,0.25125008,-0.00715916,0.25,-0.02674454
3.4,1.9252865,-3.26127372,-3.13194976,0.2501722,-0.00620099,0.25,-0.02656161
3.5,1.89977474,-3.26151339,-3.13258049,0.25026921,-0.0075674,0.25,-0.02656161
3.6,1.87426948,-3.2617313,-3.1334632,0.24897746,-0.00620986,0.25,-0.02617328
3.7,1.84876684,-3.26192441,-3.13440146,0.24896997,-0.00832287,0.25,-0.02617328
3.8,1.82327795,-3.26209081,-3.13512681,0.24898803,-0.00566535,0.25,-0.02554243
3.9,1.79777508,-3.26223157,-3.1357192,0.24931403,-0.00497796,0.25,-0.0245573
4.0,1.77226799,-3.26237592,-3.13620361,0.25040614,-0.00472003,0.25,-0.0245573
4.1,1.75526517,-3.26246393,-3.13655484,0.24886302,-0.00664569,0.25,-0.02465766
4.2,1.72974796,-3.26259417,-3.13718549,0.2500095,-0.00613852,0.25,-0.02465766
4.3,1.70423905,-3.26269882,-3.13785288,0.24898623,-0.00541062,0.25,-0.02351925
4.4,1.67871594,-3.26279666,-3.13841773,0.24915522,-0.00614407,0.25,-0.02271944
4.5,1.65320073,-3.26287331,-3.13889348,0.25008121,-0.0006836,0.25,-0.02271944
4.6,1.62769078,-3.26294646,-3.13931416,0.25046539,-0.00581543,0.25,-0.02354498
4.7,1.6021765,-3.26299273,-3.13998464,0.24992003,-0.00622941,0.25,-0.02354498
4.8,1.57667377,-3.26302707,-3.14074238,0.2507715,-0.01030237,0.25,-0.02372525
4.9,1.55117995,-3.26304802,-3.14154667,0.24945915,-0.0051676,0.25,-0.02603652
5.0,1.52570152,-3.26303152,3.14108127,0.24854751,-0.00460992,0.25,-0.02603652
5.1,1.50017823,-3.26299879,3.14059706,0.25083569,-0.00425115,0.25,-0.02587643
5.2,1.47468529,-3.26297082,3.14005305,0.2515823,-0.00635175,0.25,-0.03138843
5.3,1.44918032,-3.26292798,3.13938137,0.24927795,-0.00905526,0.25,-0.03138843
5.4,1.42367429,-3.26285726,3.13841081,0.24953822,-0.00833913,0.25,-0.03329336
5.5,1.39814433,-3.26276075,3.13765465,0.2514918,-0.00501129,0.25,-0.03329336
5.6,1.3726475,-3.26264968,3.13678183,0.24959143,-0.00757651,0.25,-0.03696832
5.7,1.34713984,-3.26251766,3.13593576,0.25033086,-0.01031535,0.25,-0.03696832
5.8,1.33013117,-3.26241328,3.13532047,0.24885653,-0.00867223,0.25,-0.03740911
5.9,1.30462517,-3.26224898,3.13405205,0.24982399,-0.0136113,0.25,-0.03776597
6.0,1.279122,-3.26205398,3.13284135,0.24920388,-0.01083663,0.25,-0.03776597
6.1,1.25365171,-3.26180472,3.13190955,0.24908618,-0.00774618,0.25,-0.03496333
6.2,1.22816069,-3.26155308,3.1311413,0.24897645,-0.00564922,0.25,-0.03496333
6.3,1.2026423,-3.26127445,3.13047565,0.24896714,-0.00611343,0.25,-0.03428375
6.4,1.1771411,-3.26099016,3.12975589,0.25082462,-0.01006295,0.25,-0.03428375
6.5,1.15164376,-3.26067577,3.12882881,0.24929367,-0.0083894,0.25,-0.03722022
6.6,1.12614107,-3.26033963,3.12785588,0.24875923,-0.00974623,0.25,-0.01886818
6.7,1.10068239,-3.25998313,3.12710813,0.24966045,-0.0052155,0.25,-0.01886818
6.8,1.07518966,-3.25961263,3.12671077,0.24920555,-0.00298972,0.25,-0.01897093
6.9,1.04967381,-3.25923224,3.12630018,0.25128921,-0.00398835,0.25,-0.01897093
7.0,1.02416831,-3.25883554,3.12582575,0.25086854,-0.00702811,0.25,-0.02216288
7.1,0.99866938,-3.25842096,3.12497579,0.24937881,-0.0116669,0.25,-0.02520729
7.2,0.97318696,-3.25798213,3.12426034,0.25081867,-0.00677319,0.25,-0.02520729
7.3,0.94767886,-3.25753369,3.12376864,0.25077089,-0.00417355,0.25,-0.02716293
7.4,0.93067076,-3.25722855,3.12347028,0.25134713,-0.00541568,0.25,-0.02716293
7.5,0.90516197,-3.25676371,3.12296445,0.25215887,-0.00528646,0.25,-0.03512912
7.6,0.87965942,-3.25628228,3.12212006,0.25024351,-0.00870922,0.25,-0.04423955
7.7,0.85414704,-3.25577155,3.12099142,0.24943124,-0.01591854,0.25,-0.04423955
7.8,0.82872329,-3.25525487,3.11961629,0.24911518,-0.01293363,0.25,-0.04775434
7.9,0.80327783,-3.25470841,3.11827303,0.249929,-0.01293112,0.25,-0.04775434
8.0,0.77778877,-3.25411534,3.11697468,0.24953806,-0.01223376,0.25,-0.05011524
8.1,0.75229048,-3.25348246,3.11566815,0.24939961,-0.01400933,0.25,-0.05012296
8.2,0.72680133,-3.25280561,3.11415378,0.24960464,-0.0153311,0.25,-0.05012296
8.3,0.70981343,-3.25234442,3.11304757,0.24807162,-0.0172917,0.25,-0.05012296
8.4,0.67576125,-3.25135398,3.11115517,0.2522548,-0.01250824,0.25,-0.04638733
8.5,0.65022591,-3.25055728,3.110108,0.25067017,-0.00910409,0.25,-0.04799158
8.6,0.62472504,-3.24973668,3.10919012,0.25266936,-0.0090988,0.25,-0.04898885
8.7,0.59922537,-3.24891169,3.10817954,0.25242333,-0.0141648,0.25,-0.04898885
8.8,0.57373888,-3.24804701,3.10677212,0.25113915,-0.01638178,0.25,-0.04785767
8.9,0.54831118,-3.24718053,3.10540624,0.24792185,-0.01492579,0.25,-0.04785767
9.0,0.52288464,-3.24627275,3.10402806,0.25110541,-0.01192609,0.25,-0.05028479
9.1,0.50588898,-3.24562865,3.10318915,0.24917913,-0.01335784,0.25,-0.05777805
9.2,0.48042193,-3.24466043,3.10171618,0.24945659,-0.0148197,0.25,-0.05777805
9.3,0.45492715,-3.24362749,3.10015609,0.24838334,-0.01395454,0.25,-0.06092239
9.4,0.42943537,-3.24256852,3.09830459,0.25037599,-0.02104141,0.25,-0.06092239
9.5,0.40381828,-3.24143644,3.0964549,0.25168173,-0.01506362,0.25,-0.06213325
9.6,0.37826943,-3.2402611,3.0948485,0.24813537,-0.01349175,0.25,-0.06533616
9.7,0.35280208,-3.2390649,3.09357854,0.25001344,-0.01249857,0.25,-0.06533616
9.8,0.3272916,-3.23781368,3.09235563,0.25188615,-0.01194029,0.25,-0.0680179
9.9,0.30182051,-3.23655558,3.09091259,0.24798133,-0.01759132,0.25,-0.0680179
10.0,0.2764067,-3.23528255,3.08907918,0.25001613,-0.01943715,0.25,-0.07339849
10.1,0.25104771,-3.23397835,3.08683508,0.25285436,-0.02447707,0.25,-0.08098975
10.2,0.22561304,-3.23257403,3.08447569,0.25050747,-0.02305063,0.25,-0.08098975
10.3,0.20016457,-3.23112746,3.08219374,0.2537225,-0.02428477,0.25,-0.08326864
10.4,0.17471265,-3.2295917,3.07991052,0.24957341,-0.02045791,0.25,-0.08326864
10.5,0.14920783,-3.22799712,3.07747782,0.25142067,-0.02849123,0.25,-0.08493186
10.6,0.1236163,-3.22628974,3.07499536,0.25119329,-0.02369305,0.25,-0.09323007
10.7,0.10650216,-3.22513365,3.07321056,0.25387763,-0.02369527,0.25,-0.09323007
10.8,0.08095597,-3.2233734,3.07128354,0.24999239,-0.01686265,0.25,-0.09743357
10.9,0.05552305,-3.22157548,3.06947304,0.25353049,-0.0169507,0.25,-0.09743357
11.0,0.03007033,-3.21973177,3.0676743,0.25281549,-0.01777248,0.25,-0.10782705
11.1,0.0048067,-3.21785462,3.0652095,0.24881461,-0.03105875,0.25,-0.11830491
11.2,-0.02029863,-3.21591516,3.06191738,0.24722388,-0.03739555,0.25,-0.11830491
11.3,-0.04546499,-3.21391517,3.05813142,0.25401836,-0.04842965,0.25,-0.12358132
11.4,-0.07083758,-3.21176071,3.05404973,0.25111414,-0.03914682,0.25,-0.12358132
11.5,-0.0962502,-3.2094796,3.05025952,0.2496752,-0.03975215,0.25,-0.13096421
11.6,-0.12166105,-3.20715194,3.04616006,0.25066385,-0.03881814,0.25,-0.13452936
11.7,-0.14731034,-3.20466434,3.04194411,0.24904026,-0.04019948,0.25,-0.13452936
11.8,-0.17310679,-3.20203673,3.03839835,0.25286532,-0.03468021,0.25,-0.13923911
11.9,-0.19882877,-3.19937659,3.03494874,0.25088019,-0.03144056,0.25,-0.13923911
12.0,-0.22418719,-3.19664543,3.03207684,0.25144778,-0.03088052,0.25,-0.14371861
12.1,-0.24945409,-3.19386283,3.02918586,0.24677674,-0.02990559,0.25,-0.14959011
12.2,-0.27446778,-3.19101705,3.02564045,0.24319141,-0.03483732,0.25,-0.14959011
12.3,-0.29920057,-3.18807123,3.02182154,0.24299078,-0.04374942,0.25,-0.15433928
12.4,-0.315803,-3.18605772,3.01900128,0.2434928,-0.04178816,0.25,-0.15433928
12.5,-0.34090589,-3.1829376,3.01398119,0.25066022,-0.05227244,0.25,-0.16031133
12.6,-0.36617517,-3.17969934,3.00822271,0.24998007,-0.06376144,0.25,-0.16534379
12.7,-0.39146983,-3.17637976,3.00194441,0.24724557,-0.06202594,0.25,-0.16534379
12.8,-0.41693345,-3.17273839,2.99616066,0.25186148,-0.04887652,0.25,-0.16811139
12.9,-0.4427996,-3.16894733,2.99180666,0.25572288,-0.04006113,0.25,-0.16811139
13.0,-0.46859538,-3.16505114,2.98725484,0.2524407,-0.04724503,0.25,-0.17066845
13.1,-0.49403197,-3.1610948,2.98255838,0.25364114,-0.03935415,0.25,-0.16959553
13.2,-0.51910782,-3.15712106,2.97936124,0.24486459,-0.02748562,0.25,-0.16959553
13.3,-0.54397625,-3.15303385,2.97631351,0.24046741,-0.03874693,0.25,-0.17217426
13.4,-0.56838096,-3.14886738,2.97209807,0.24207868,-0.04203588,0.25,-0.17217426
13.5,-0.59282579,-3.14457287,2.96766497,0.24103286,-0.04339553,0.25,-0.18160245
13.6,-0.61736523,-3.14019367,2.96299444,0.24577178,-0.04905108,0.25,-0.18160245
13.7,-0.64245448,-3.13561253,2.95597219,0.24461691,-0.07723369,0.25,-0.18414862
13.8,-0.66740989,-3.13123121,2.94800225,0.25298793,-0.08611375,0.25,-0.18568937
13.9,-0.69290339,-3.12629464,2.94101479,0.25160109,-0.06768495,0.25,-0.18568937
14.0,-0.70994534,-3.12280759,2.93641791,0.26219475,-0.06029364,0.25,-0.18568937
14.1,-0.73545572,-3.11746434,2.93032561,0.25957483,-0.05797885,0.25,-0.19489281
14.2,-0.76076232,-3.11201339,2.92391614,0.2585989,-0.08014743,0.25,-0.20042677
14.3,-0.78561313,-3.10655997,2.91617276,0.24343432,-0.06915308,0.25,-0.20087155
14.4,-0.81033853,-3.10091532,2.90934545,0.24246491,-0.06605303,0.25,-0.20087155
14.5,-0.83460756,-3.09520254,2.90257812,0.23867476,-0.05933202,0.25,-0.20257158
14.6,-0.8585654,-3.08920303,2.89637751,0.23953269,-0.04255457,0.25,-0.20257158
14.7,-0.88234396,-3.08302217,2.89128806,0.24314119,-0.05771267,0.25,-0.2049451
14.8,-0.90636161,-3.07673331,2.88535516,0.25085474,-0.07116502,0.25,-0.21118101
14.9,-0.93111424,-3.07020306,2.87875379,0.25144207,-0.06654684,0.25,-0.21118101
15.0,-0.95620578,-3.06341968,2.87080246,0.2450203,-0.08042882,0.25,-0.21157846
15.1,-0.98124095,-3.05655584,2.86303095,0.25469463,-0.07801504,0.25,-0.21157846
15.2,-1.00631806,-3.04940045,2.85512822,0.24761097,-0.07339096,0.25,-0.21364433
15.3,-1.03162658,-3.04200661,2.84878454,0.25340647,-0.07103323,0.25,-0.21762244
15.4,-1.05608667,-3.03448468,2.83938343,0.25350573,-0.10200631,0.25,-0.21762244
15.5,-1.08013148,-3.02700796,2.82754618,0.24935154,-0.13377083,0.25,-0.2191694
15.6,-1.10398178,-3.01916462,2.814365,0.23842635,-0.09835298,0.25,-0.2191694
15.7,-1.11980465,-3.01394124,2.80758362,0.24201886,-0.10080735,0.25,-0.21708594
15.8,-1.1433625,-3.00583455,2.79821026,0.24054275,-0.09030314,0.25,-0.21708594
15.9,-1.1668926,-2.99738871,2.79055178,0.24292103,-0.07811007,0.25,-0.21491968
16.0,-1.19086342,-2.98851902,2.78203719,0.26344572,-0.07561791,0.25,-0.21491968
16.1,-1.21507288,-2.97943253,2.77334391,0.23730224,-0.07022888,0.25,-0.21105898
16.2,-1.23937286,-2.97006132,2.76639748,0.25431429,-0.07687324,0.25,-0.20527824
16.3,-1.2635974,-2.96050099,2.75811974,0.2530456,-0.0852268,0.25,-0.20527824
16.4,-1.28762277,-2.95088282,2.74933717,0.25349158,-0.08681248,0.25,-0.20946044
16.5,-1.31120123,-2.94108261,2.74168338,0.2540718,-0.07273488,0.25,-0.20946044
16.6,-1.33466086,-2.93115115,2.73425899,0.24600575,-0.07362726,0.25,-0.21294888
16.7,-1.35792687,-2.92108563,2.72617281,0.24046073,-0.09587112,0.25,-0.21294888
16.8,-1.38082695,-2.91109519,2.71679809,0.24403031,-0.09277859,0.25,-0.21388795
16.9,-1.40365001,-2.90085677,2.70719491,0.24456246,-0.09542781,0.25,-0.21388795
17.0,-1.42640453,-2.8905188,2.6973271,0.25524028,-0.08711328,0.25,-0.21674299
17.1,-1.44945396,-2.87950944,2.68846608,0.24137464,-0.09564355,0.25,-0.22110054
17.2,-1.4727138,-2.86818657,2.67951477,0.26278722,-0.09340358,0.25,-0.22110054
17.3,-1.48815842,-2.86050396,2.67243825,0.24626979,-0.09903196,0.25,-0.21778452
17.4,-1.51126473,-2.84883849,2.66267937,0.26052863,-0.08399434,0.25,-0.21778452
17.5,-1.53423079,-2.83692039,2.65288348,0.2560775,-0.0941442,0.25,-0.21724802
17.6,-1.55681531,-2.82482835,2.64344167,0.25084799,-0.08043963,0.25,-0.21691951
17.7,-1.57918867,-2.81255387,2.63527456,0.25455319,-0.07848082,0.25,-0.21691951
17.8,-1.6014484,-2.80010963,2.62704925,0.24615784,-0.08535179,0.25,-0.21608631
17.9,-1.62334787,-2.78762977,2.6181812,0.24103489,-0.09415733,0.25,-0.21608631
18.0,-1.6450355,-2.7751566,2.60879716,0.24631003,-0.0858517,0.25,-0.21616625
18.1,-1.66679999,-2.76252831,2.59892058,0.2471206,-0.10065985,0.25,-0.21337766
18.2,-1.68865795,-2.7493532,2.58921409,0.24542417,-0.08739043,0.25,-0.21337766
18.3,-1.71033741,-2.73584181,2.57991427,0.23967266,-0.09611608,0.25,-0.21267495
18.4,-1.73212031,-2.72205686,2.57021586,0.24815578,-0.09184175,0.25,-0.21267495
18.5,-1.75380933,-2.70810465,2.56346663,0.25057478,-0.09472828,0.25,-0.21055177
18.6,-1.77516483,-2.6941735,2.55439136,0.24653404,-0.08340087,0.25,-0.21055177
18.7,-1.79629743,-2.6802487,2.54521327,0.24915886,-0.09184318,0.25,-0.20919546
18.8,-1.81735939,-2.66593731,2.53582362,0.2560334,-0.08838942,0.25,-0.20919546
18.9,-1.8382571,-2.65132276,2.52746539,0.25280772,-0.0816932,0.25,-0.20903976
19.0,-1.85214802,-2.64150605,2.52197243,0.24773248,-0.0806488,0.25,-0.20499518
19.1,-1.87268131,-2.62666061,2.51194404,0.24486961,-0.10956351,0.25,-0.20499518
19.2,-1.89325118,-2.61150049,2.50156003,0.25828914,-0.11984238,0.25,-0.20423074
19.3,-1.91368181,-2.59627418,2.48958085,0.23939549,-0.09728972,0.25,-0.20423074
19.4,-1.93390907,-2.58068938,2.48130369,0.26133949,-0.07622927,0.25,-0.1960559
19.5,-1.95404474,-2.56494768,2.47426847,0.26176423,-0.06024763,0.25,-0.19629081
19.6,-1.9738598,-2.54929214,2.46812156,0.25173164,-0.08630983,0.25,-0.19629081
19.7,-1.99341078,-2.53354648,2.45935209,0.2484292,-0.08757761,0.25,-0.19695539
19.8,-2.01300907,-2.51754775,2.45026739,0.25054666,-0.08450678,0.25,-0.19695539
19.9,-2.03261861,-2.50152958,2.44189278,0.2464529,-0.08578278,0.25,-0.19633092
20.0,-2.05209815,-2.48538664,2.43350744,0.24811504,-0.07734155,0.25,-0.19366756
20.1,-2.07145162,-2.46884473,2.42517097,0.25203743,-0.08096151,0.25,-0.19366756
20.2,-2.09117293,-2.45179383,2.41699014,0.24916131,-0.07991059,0.25,-0.19475508
20.3,-2.11084173,-2.43457251,2.40868157,0.25698497,-0.08892414,0.25,-0.19475508
20.4,-2.1298975,-2.41734758,2.40036565,0.2385928,-0.07244595,0.25,-0.19405539
20.5,-2.14872907,-2.40006721,2.39287746,0.24863007,-0.07432111,0.25,-0.1916224
20.6,-2.16119404,-2.38866148,2.38778136,0.24559308,-0.0863658,0.25,-0.1916224
20.7,-2.17960476,-2.37144373,2.37940286,0.23953204,-0.07162789,0.25,-0.19280634
20.8,-2.1975834,-2.35400972,2.37115269,0.2406294,-0.07604096,0.25,-0.19280634
20.9,-2.21554381,-2.33637826,2.36279957,0.24119457,-0.08265919,0.25,-0.19344725
21.0,-2.23358229,-2.31861814,2.3546586,0.249473,-0.07560401,0.25,-0.19252237
21.1,-2.25155262,-2.30051393,2.34673274,0.24968044,-0.07696777,0.25,-0.19252237
21.2,-2.26935833,-2.28227401,2.33898461,0.25037693,-0.07518171,0.25,-0.18992348
21.3,-2.28741437,-2.26365892,2.33072797,0.25998404,-0.07914376,0.25,-0.18992348
21.4,-2.30547378,-2.2448219,2.32216313,0.25436871,-0.08621604,0.25,-0.18887097
21.5,-2.32335084,-2.22580249,2.31373407,0.25871799,-0.07469299,0.25,-0.18887097
21.6,-2.3405573,-2.20697766,2.30592821,0.24496068,-0.07343211,0.25,-0.18550225
21.7,-2.35763036,-2.18818972,2.29812209,0.2455267,-0.07549967,0.25,-0.18500608
21.8,-2.37440602,-2.16937082,2.29054812,0.24138099,-0.07928981,0.25,-0.18500608
21.9,-2.39078079,-2.15042088,2.28242094,0.25003217,-0.08340133,0.25,-0.18529216
22.0,-2.40697569,-2.13138239,2.2738027,0.24412778,-0.08628644,0.25,-0.18529216
22.1,-2.4232188,-2.1120549,2.26508766,0.24363771,-0.06699552,0.25,-0.18381072
22.2,-2.43408056,-2.09902677,2.26045049,0.25019595,-0.06925885,0.25,-0.18381072
22.3,-2.45027676,-2.07926878,2.2534136,0.24963842,-0.06796998,0.25,-0.17677776
22.4,-2.46646151,-2.05906363,2.24672785,0.25561109,-0.06855015,0.25,-0.17316144
22.5,-2.48262532,-2.03878092,2.23942077,0.25865596,-0.07886762,0.25,-0.17316144
22.6,-2.49871052,-2.01845415,2.23172064,0.25537715,-0.07920043,0.25,-0.17333702
22.7,-2.51472389,-1.99806225,2.22390885,0.25851746,-0.0768366,0.25,-0.17333702
22.8,-2.53018554,-1.97773204,2.21613589,0.24706334,-0.0707737,0.25,-0.17815535
22.9,-2.54543124,-1.95765208,2.20902927,0.24528678,-0.06332895,0.25,-0.17815535
23.0,-2.56051791,-1.93792517,2.2025089,0.24455448,-0.06288067,0.25,-0.17631778
23.1,-2.57533124,-1.91775003,2.19546056,0.24971173,-0.07470998,0.25,-0.17826398
23.2,-2.58992085,-1.89735092,2.18739757,0.24160149,-0.07735107,0.25,-0.17826398
23.3,-2.6045626,-1.87665272,2.17917132,0.25057157,-0.08207625,0.25,-0.18387159
23.4,-2.61922566,-1.85563104,2.17014542,0.24965754,-0.09055617,0.25,-0.18387159
23.5,-2.63371609,-1.8339912,2.16297392,0.2543982,-0.06401494,0.25,-0.18038175
23.6,-2.64804021,-1.81214987,2.15648179,0.25910154,-0.06232764,0.25,-0.18038175
23.7,-2.66223146,-1.79033895,2.1499539,0.25627469,-0.06922972,0.25,-0.18003093
23.8,-2.67640825,-1.76864074,2.14250548,0.25070335,-0.08226808,0.25,-0.18084556
23.9,-2.6856257,-1.75433241,2.13699788,0.24771184,-0.07822377,0.25,-0.18084556
24.0,-2.69925684,-1.73284549,2.12834327,0.25571262,-0.09285938,0.25,-0.18463241
24.1,-2.71256965,-1.71157556,2.11988136,0.24107751,-0.06164432,0.25,-0.18463241
24.2,-2.72570323,-1.69032822,2.1134352,0.23929598,-0.0613699,0.25,-0.18027785
24.3,-2.73868245,-1.66897536,2.10744215,0.24754943,-0.0614939,0.25,-0.18027785
24.4,-2.75154388,-1.64739233,2.1004606,0.25115189,-0.08179078,0.25,-0.1823909
24.5,-2.76440246,-1.62526628,2.09168411,0.25421685,-0.08579642,0.25,-0.18296303
24.6,-2.7772032,-1.60297752,2.08321837,0.25125236,-0.09166216,0.25,-0.18296303
24.7,-2.78975487,-1.58001267,2.07642391,0.25476945,-0.06061293,0.25,-0.18238093
24.8,-2.80217681,-1.55707761,2.07038523,0.25744371,-0.05974397,0.25,-0.18238093
24.9,-2.81445772,-1.53410673,2.06426013,0.24651317,-0.06882475,0.25,-0.18147845
25.0,-2.82653325,-1.51160357,2.05603349,0.25163646,-0.08267993,0.25,-0.18147845
25.1,-2.83839584,-1.48901577,2.04751226,0.25426111,-0.08180729,0.25,-0.18413457
25.2,-2.84997147,-1.46648345,2.03916059,0.24492555,-0.06403328,0.25,-0.18413457
25.3,-2.86137644,-1.44439648,2.03330232,0.23983746,-0.04938393,0.25,-0.18067326
25.4,-2.87266279,-1.42230452,2.02763905,0.24225512,-0.05577519,0.25,-0.17766135
25.5,-2.88008829,-1.40736492,2.02369242,0.25167968,-0.06199038,0.25,-0.17766135
25.6,-2.8912834,-1.3843639,2.01574833,0.24822341,-0.07576672,0.25,-0.18306864
25.7,-2.90229961,-1.36117773,2.0077199,0.25541581,-0.08479251,0.25,-0.18306864
25.8,-2.9131535,-1.33770187,2.00140294,0.25892931,-0.0570344,0.25,-0.18139342
25.9,-2.9238422,-1.31378827,1.99573267,0.25964393,-0.05517999,0.25,-0.18139342
26.0,-2.93438467,-1.28997506,1.99020377,0.25176358,-0.05602665,0.25,-0.18308106
26.1,-2.944833,-1.26654266,1.98252665,0.25330957,-0.08425918,0.25,-0.18704203
26.2,-2.95510616,-1.24312554,1.97393606,0.25272857,-0.08310367,0.25,-0.18704203
26.3,-2.96512767,-1.21966188,1.96510372,0.24439273,-0.09041206,0.25,-0.19124837
26.4,-2.97478494,-1.1964162,1.9571922,0.24243186,-0.05456394,0.25,-0.19124837
26.5,-2.98424506,-1.17343175,1.95153139,0.24199763,-0.05309808,0.25,-0.19308292
26.6,-2.99362885,-1.15011799,1.94579923,0.25288889,-0.06715949,0.25,-0.19308292
26.7,-3.00295013,-1.12632084,1.93871381,0.24117746,-0.07215619,0.25,-0.19388889
26.8,-3.01207598,-1.10253154,1.93116784,0.24054082,-0.0770091,0.25,-0.19576407
26.9,-3.02103936,-1.07843215,1.92298362,0.25670585,-0.07781662,0.25,-0.19576407
27.0,-3.02988243,-1.05375086,1.91693574,0.25663134,-0.05402613,0.25,-0.19873277
27.1,-3.03853235,-1.02923634,1.91099499,0.24965023,-0.05829327,0.25,-0.19873277
27.2,-3.04421002,-1.01317392,1.90677727,0.25204268,-0.06181164,0.25,-0.19860608
27.3,-3.0525771,-0.98912201,1.89933694,0.24546841,-0.08528444,0.25,-0.20295172
27.4,-3.06077457,-0.96492378,1.89028072,0.25381358,-0.09209015,0.25,-0.20295172
27.5,-3.06876494,-0.9407616,1.88049832,0.25547679,-0.09980156,0.25,-0.20392241
27.6,-3.07636368,-0.91677543,1.87077378,0.24672287,-0.06128929,0.25,-0.20392241
27.7,-3.08384578,-0.89226409,1.86307473,0.24283877,-0.07105473,0.25,-0.20177475
27.8,-3.09112597,-0.86785779,1.857445,0.25002138,-0.05241766,0.25,-0.20036878
27.9,-3.09829351,-0.8433439,1.85221494,0.23975918,-0.04951125,0.25,-0.20036878
28.0,-3.10535766,-0.81886982,1.8465288,0.26148753,-0.05782772,0.25,-0.20325426
28.1,-3.11215743,-0.79435247,1.83837526,0.2472053,-0.09942268,0.25,-0.20325426
28.2,-3.11874537,-0.77010037,1.8283372,0.24497546,-0.10387912,0.25,-0.20769733
28.3,-3.12511473,-0.7455607,1.81962346,0.24755534,-0.06596752,0.25,-0.1991095
28.4,-3.13134311,-0.72074499,1.81330136,0.2464913,-0.06340953,0.25,-0.1991095
28.5,-3.13741346,-0.69594437,1.80734877,0.25048061,-0.05692726,0.25,-0.19702115
28.6,-3.14340822,-0.6711427,1.80116745,0.25004054,-0.07355835,0.25,-0.19702115
28.7,-3.14924282,-0.64583695,1.79331932,0.2604935,-0.08643535,0.25,-0.20346725
28.8,-3.15306956,-0.62902664,1.7873196,0.2602356,-0.0896454,0.25,-0.20346725
28.9,-3.1585517,-0.60389784,1.77671972,0.25724669,-0.11709127,0.25,-0.20895828
29.0,-3.16369712,-0.578937,1.76956185,0.25198749,-0.04635791,0.25,-0.20928665
29.1,-3.16870499,-0.55386513,1.76504228,0.24920672,-0.04379606,0.25,-0.20928665
29.2,-3.17359394,-0.52955069,1.76020714,0.25309598,-0.05517773,0.25,-0.21141076
29.3,-3.17829341,-0.50507488,1.75309754,0.2386602,-0.08519568,0.25,-0.21141076
29.4,-3.182625,-0.4803268,1.74305218,0.25341112,-0.10392897,0.25,-0.21937969
29.5,-3.18704639,-0.45532113,1.73434224,0.24891286,-0.06231418,0.25,-0.21937969
29.6,-3.19113943,-0.43019128,1.72863588,0.25033953,-0.05524709,0.25,-0.21825082
29.7,-3.19514854,-0.40501848,1.7228186,0.25655179,-0.05915139,0.25,-0.21919051
29.8,-3.19903198,-0.37907484,1.71590467,0.24979355,-0.07091119,0.25,-0.21919051
29.9,-3.20273374,-0.35325979,1.70799329,0.24947845,-0.08339978,0.25,-0.22482973
30.0,-3.20622231,-0.32775381,1.69862392,0.2613467,-0.09438583,0.25,-0.22482973
30.1,-3.2094233,-0.30234892,1.68766454,0.23734881,-0.09338243,0.25,-0.22679628
30.2,-3.21229173,-0.27691803,1.68049348,0.2469509,-0.07154109,0.25,-0.22679628
30.3,-3.21499982,-0.25207501,1.67034959,0.25420858,-0.10291539,0.25,-0.22591929
30.4,-3.21737984,-0.22734075,1.66121514,0.23895485,-0.09466067,0.25,-0.22580717
30.5,-3.2188967,-0.21079062,1.65429073,0.25313796,-0.1080193,0.25,-0.22580717
30.6,-3.22083653,-0.18562896,1.6429591,0.2518909,-0.09465241,0.25,-0.22547143
30.7,-3.22274954,-0.1602801,1.63468443,0.24856004,-0.07537906,0.25,-0.22547143
30.8,-3.22446217,-0.13484938,1.62724591,0.25060357,-0.06847499,0.25,-0.22179613
30.9,-3.22588434,-0.1083794,1.62227931,0.25112763,-0.03500635,0.25,-0.22413266
31.0,-3.22719549,-0.08175846,1.6181866,0.26501097,-0.03969959,0.25,-0.22413266
31.1,-3.22835351,-0.055375,1.61390583,0.25749181,-0.05516895,0.25,-0.22788404
31.2,-3.22935291,-0.02932336,1.60684117,0.24422561,-0.09239035,0.25,-0.22788404
31.3,-3.23025367,-0.0039306,1.60032728,0.25877973,-0.04707516,0.25,-0.22980762
31.4,-3.231014,0.02088579,1.59473975,0.2488919,-0.04573484,0.25,-0.22428705
31.5,-3.23162641,0.04554342,1.58971542,0.23801284,-0.051417,0.25,-0.22428705
31.6,-3.23211578,0.06998683,1.58558816,0.2353549,-0.03066327,0.25,-0.23069803
31.7,-3.23249115,0.09437034,1.58126018,0.23445056,-0.04488819,0.25,-0.23069803
31.8,-3.23274896,0.11950995,1.57575343,0.26239184,-0.06669044,0.25,-0.23700256
31.9,-3.23283431,0.14521938,1.56687285,0.26056752,-0.09109847,0.25,-0.23700256
32.0,-3.23267745,0.17152036,1.55984751,0.26427191,-0.0482088,0.25,-0.24485153
32.1,-3.23249398,0.18915776,1.55666426,0.26070555,-0.04309699,0.25,-0.24485153
32.2,-3.23214452,0.21591533,1.55285572,0.26455229,-0.04151061,0.25,-0.25023133
32.3,-3.2316865,0.24268531,1.5491849,0.24505606,-0.05864678,0.25,-0.25910104
32.4,-3.23101481,0.26825544,1.54026777,0.2477005,-0.11251456,0.25,-0.25910104
32.5,-3.23021469,0.29341856,1.52641442,0.23893221,-0.15587417,0.25,-0.26898528
32.6,-3.22912841,0.31845226,1.51096984,0.25799365,-0.1133377,0.25,-0.26351963
32.7,-3.22751691,0.34341865,1.50087422,0.24742854,-0.08967892,0.25,-0.26351963
32.8,-3.2259298,0.36772279,1.49296665,0.24584528,-0.06252977,0.25,-0.26043936
32.9,-3.22386863,0.39260007,1.48542438,0.24869066,-0.08348341,0.25,-0.26043936
33.0,-3.22165316,0.41830101,1.47693163,0.23902431,-0.08692747,0.25,-0.26336774
33.1,-3.2190793,0.44411683,1.46645222,0.24481808,-0.10943672,0.25,-0.26336774
33.2,-3.21626074,0.47009651,1.45561363,0.25290342,-0.09803669,0.25,-0.26476159
33.3,-3.21333114,0.49620347,1.44607591,0.2617338,-0.08950228,0.25,-0.2626524
33.4,-3.21008788,0.52203591,1.43675779,0.25030106,-0.10870402,0.25,-0.2626524
33.5,-3.20658889,0.54733001,1.42424492,0.25220878,-0.13439838,0.25,-0.26204755
33.6,-3.20259264,0.57249033,1.41087293,0.24922653,-0.1369239,0.25,-0.26204755
33.7,-3.19859929,0.59728214,1.39616788,0.23888366,-0.14537218,0.25,-0.25958786
33.8,-3.19586237,0.61366497,1.38755433,0.23915218,-0.11934969,0.25,-0.25654348
33.9,-3.19131693,0.6381027,1.37644829,0.25056223,-0.10643959,0.25,-0.25654348
34.0,-3.18651242,0.66272577,1.36763989,0.23053302,-0.04513669,0.25,-0.24992388
34.1,-3.18119349,0.68783188,1.3594847,0.26009721,-0.10365333,0.25,-0.24992388
34.2,-3.17581795,0.71290054,1.34962914,0.25748205,-0.10459989,0.25,-0.24531891
34.3,-3.1699871,0.73814971,1.33973901,0.24342351,-0.08847899,0.25,-0.24524889
34.4,-3.16408304,0.76358212,1.33000101,0.24821761,-0.09888853,0.25,-0.24524889
34.5,-3.15812681,0.78828626,1.32073193,0.24770769,-0.11011228,0.25,-0.24181256
34.6,-3.15200265,0.81295559,1.3088301,0.24440305,-0.12189771,0.25,-0.24181256
34.7,-3.14554258,0.83754689,1.29842516,0.2491432,-0.07929085,0.25,-0.23213292
34.8,-3.13861261,0.86209679,1.28988502,0.25050864,-0.09384663,0.25,-0.23233692
34.9,-3.13159846,0.88626139,1.27922575,0.25324184,-0.09843436,0.25,-0.23233692
35.0,-3.12415331,0.91100658,1.27102265,0.26164785,-0.08778862,0.25,-0.23260836
35.1,-3.11658065,0.935423,1.25978518,0.24388542,-0.11339651,0.25,-0.23260836
35.2,-3.10900168,0.95962742,1.24821337,0.251613,-0.11533416,0.25,-0.22759259
35.3,-3.10131264,0.98374477,1.2366121,0.24317739,-0.10125284,0.25,-0.22747581
35.4,-3.09575631,0.99985405,1.23015603,0.2427964,-0.09337376,0.25,-0.22747581
35.5,-3.08727229,1.02320221,1.22257064,0.23942462,-0.06417113,0.25,-0.22502864
35.6,-3.07860476,1.04652703,1.21493781,0.24333204,-0.09165872,0.25,-0.22502864
35.7,-3.06994866,1.07035732,1.20465281,0.25067104,-0.11266111,0.25,-0.2208193
35.8,-3.06129143,1.09409212,1.19371273,0.24506703,-0.10489094,0.25,-0.22080865
35.9,-3.0520592,1.11773524,1.18274843,0.25053681,-0.10930789,0.25,-0.22080865
36.0,-3.04230332,1.14174072,1.17368833,0.26237742,-0.06796915,0.25,-0.21314884
36.1,-3.03221978,1.1661282,1.16696691,0.25360148,-0.06656233,0.25,-0.21314884
36.2,-3.0220137,1.19043089,1.16030782,0.24582081,-0.06613938,0.25,-0.20936594
36.3,-3.01176028,1.21379945,1.15292278,0.26313507,-0.07228799,0.25,-0.20823354
36.4,-3.00140076,1.23703155,1.14562675,0.25159916,-0.07220667,0.25,-0.20823354
36.5,-2.9907953,1.26022256,1.13851525,0.26255466,-0.06087022,0.25,-0.2086627
36.6,-2.98018386,1.28300061,1.13018152,0.24917944,-0.07447085,0.25,-0.2086627
36.7,-2.96940112,1.30537422,1.12285495,0.25059423,-0.07322105,0.25,-0.20843456
36.8,-2.9583905,1.32792976,1.11523287,0.25200944,-0.09326252,0.25,-0.20843456
36.9,-2.94751843,1.3507782,1.1049946,0.24563155,-0.09886291,0.25,-0.20452993
37.0,-2.93641185,1.37349905,1.09508755,0.25053795,-0.09539121,0.25,-0.20385326
37.1,-2.92855457,1.38870284,1.08861054,0.25888533,-0.07951739,0.25,-0.20385326
37.2,-2.91654739,1.41212423,1.08167838,0.25754707,-0.06909362,0.25,-0.19759186
37.3,-2.90438461,1.43541655,1.07480759,0.26059732,-0.07219683,0.25,-0.19730699
37.4,-2.89208353,1.45837723,1.06759301,0.26003031,-0.08774355,0.25,-0.19730699
37.5,-2.87981499,1.48072587,1.05878371,0.24592847,-0.09515035,0.25,-0.19756936
37.6,-2.86769346,1.50289,1.04873574,0.24224195,-0.10333113,0.25,-0.19756936
37.7,-2.85515006,1.52457265,1.04009772,0.24593956,-0.08824506,0.25,-0.18863553
37.8,-2.84240568,1.54597002,1.03255034,0.2436257,-0.07133855,0.25,-0.18299126
37.9,-2.82937366,1.56737023,1.02586351,0.25104631,-0.06182622,0.25,-0.18299126
38.0,-2.81623675,1.58904156,1.01840528,0.248706,-0.08330545,0.25,-0.18239842
38.1,-2.80300505,1.61072311,1.00974244,0.24887901,-0.08384135,0.25,-0.18239842
38.2,-2.78940801,1.63243522,1.00133575,0.25321418,-0.07892825,0.25,-0.18411146
38.3,-2.77539097,1.6542939,0.99345493,0.25449583,-0.06975429,0.25,-0.18411146
38.4,-2.76127397,1.67623567,0.98668252,0.25559053,-0.06365985,0.25,-0.17932547
38.5,-2.74703088,1.69810095,0.98004389,0.24986716,-0.07537424,0.25,-0.17932547
38.6,-2.73271969,1.71929763,0.97198813,0.23864646,-0.05588064,0.25,-0.17903873
38.7,-2.7231931,1.73330098,0.96590762,0.24608423,-0.09798178,0.25,-0.18167577
38.8,-2.70874737,1.75394197,0.95649572,0.24700505,-0.09347617,0.25,-0.18167577
38.9,-2.69443218,1.77446961,0.94835476,0.24391536,-0.06593537,0.25,-0.17860722
39.0,-2.67975072,1.79472208,0.94124469,0.24494941,-0.06657965,0.25,-0.17843963
39.1,-2.66486064,1.81484284,0.93415301,0.24450104,-0.0707945,0.25,-0.17843963
39.2,-2.64968709,1.83534313,0.92660373,0.25517804,-0.06828205,0.25,-0.17612333
39.3,-2.63425174,1.85587472,0.91918812,0.26057566,-0.06194235,0.25,-0.17612333
39.4,-2.61844034,1.87635449,0.91134747,0.25682088,-0.07410165,0.25,-0.17554229
39.5,-2.60240502,1.89670647,0.90338776,0.2492625,-0.08084573,0.25,-0.1754867
39.6,-2.58622911,1.91699767,0.89600542,0.25793157,-0.06523589,0.25,-0.1754867
39.7,-2.57019878,1.93707403,0.88909334,0.24751677,-0.06845089,0.25,-0.1728997
39.8,-2.55408725,1.9568945,0.88228855,0.24692339,-0.06528673,0.25,-0.1728997
39.9,-2.53793653,1.97636546,0.87510194,0.25030595,-0.07453907,0.25,-0.17277198
40.0,-2.5219786,1.99570681,0.86724861,0.24464643,-0.07738885,0.25,-0.1713874
40.1,-2.50575124,2.01483275,0.86028472,0.24932552,-0.06280951,0.25,-0.1713874
40.2,-2.48931877,2.03390654,0.85318065,0.24579201,-0.07100202,0.25,-0.16927318
40.3,-2.47248058,2.05324677,0.84579006,0.24873978,-0.07385373,0.25,-0.16927318
40.4,-2.46117513,2.06614465,0.84079568,0.25495708,-0.07346735,0.25,-0.16983
40.5,-2.44395973,2.08529619,0.83303493,0.25740721,-0.07434044,0.25,-0.16983
40.6,-2.42637136,2.10431281,0.82551439,0.25379186,-0.07505955,0.25,-0.16619818
40.7,-2.40865879,2.12321237,0.81831502,0.24855021,-0.07120116,0.25,-0.16725293
40.8,-2.39112063,2.14190957,0.81123069,0.24925071,-0.06567105,0.25,-0.16725293
40.9,-2.37349767,2.16036104,0.80445492,0.24620054,-0.06318593,0.25,-0.16085074
41.0,-2.3557785,2.17865373,0.79796677,0.25051218,-0.06475853,0.25,-0.16085074
41.1,-2.33819596,2.19673613,0.79098855,0.24378207,-0.06953875,0.25,-0.16352225
41.2,-2.32057628,2.21464893,0.78390829,0.25071173,-0.07015456,0.25,-0.16604199
41.3,-2.30299855,2.23247614,0.77695201,0.25497041,-0.06736737,0.25,-0.16604199
41.4,-2.28477245,2.25031638,0.76949655,0.25866857,-0.07381471,0.25,-0.16568409
41.5,-2.26639193,2.26820874,0.76196794,0.24912516,-0.07599591,0.25,-0.16568409
41.6,-2.24781187,2.28603417,0.75407555,0.25524731,-0.08636477,0.25,-0.16689596
41.7,-2.22879872,2.30365115,0.74680175,0.25978454,-0.0656664,0.25,-0.16708083
41.8,-2.20976234,2.32113856,0.73985958,0.25954156,-0.06622641,0.25,-0.16708083
41.9,-2.19078462,2.33840433,0.73292066,0.24575097,-0.06513293,0.25,-0.1676293
42.0,-2.17813514,2.34977151,0.72825026,0.24652106,-0.06815008,0.25,-0.1676293
42.1,-2.15905334,2.36673242,0.7212312,0.25196518,-0.06861274,0.25,-0.17023788
42.2,-2.13986347,2.38349069,0.71399889,0.24878328,-0.07569407,0.25,-0.17023788
42.3,-2.12089132,2.39996943,0.70699756,0.25170774,-0.06630364,0.25,-0.170865
42.4,-2.1019067,2.41633651,0.69996186,0.24210481,-0.06779832,0.25,-0.17045376
42.5,-2.08253506,2.43267928,0.69268633,0.2585899,-0.07333449,0.25,-0.17045376
42.6,-2.06286314,2.44906394,0.68521391,0.24829257,-0.07740991,0.25,-0.17174757
42.7,-2.04298113,2.46529366,0.6776938,0.25311176,-0.06946073,0.25,-0.17174757
42.8,-2.02286818,2.48145398,0.67041751,0.25498371,-0.06922795,0.25,-0.17100542
42.9,-2.00244842,2.49739561,0.66345415,0.24896259,-0.06701418,0.25,-0.1708885
43.0,-1.98215244,2.51313007,0.65667612,0.25517018,-0.06802352,0.25,-0.1708885
43.1,-1.96195719,2.52864608,0.65000894,0.25287892,-0.06935414,0.25,-0.17100463
43.2,-1.94161224,2.54408148,0.64261657,0.25326599,-0.07467327,0.25,-0.17100463
43.3,-1.92116046,2.55929105,0.63540237,0.24519716,-0.06794642,0.25,-0.17187832
43.4,-1.90090052,2.57424739,0.62841063,0.24314171,-0.0651976,0.25,-0.17187832
43.5,-1.88057089,2.5890985,0.62168403,0.24234209,-0.06822324,0.25,-0.17167805
43.6,-1.8600012,2.60389751,0.61463037,0.24300884,-0.06867549,0.25,-0.17167805
43.7,-1.84621139,2.61368271,0.6098965,0.24904006,-0.07120958,0.25,-0.17054593
43.8,-1.82525556,2.62825877,0.60222262,0.24289679,-0.06763704,0.25,-0.16468598
43.9,-1.80418883,2.64276314,0.59487338,0.25851648,-0.07195865,0.25,-0.16468598
44.0,-1.78318198,2.6569874,0.58752034,0.25052356,-0.07145853,0.25,-0.16713648
44.1,-1.76208923,2.67103337,0.58013798,0.24937284,-0.07193578,0.25,-0.16713648
44.2,-1.74076624,2.684963,0.57397274,0.24973299,-0.05551661,0.25,-0.16732912
44.3,-1.71928163,2.69875117,0.56827549,0.25406295,-0.05664768,0.25,-0.16732912
44.4,-1.69775665,2.71244558,0.56210271,0.25377125,-0.06917349,0.25,-0.16813464
44.5,-1.67604233,2.72611474,0.55463938,0.25830052,-0.08089246,0.25,-0.16813464
44.6,-1.65408058,2.73973592,0.54689826,0.25796626,-0.07359336,0.25,-0.16974099
44.7,-1.63207623,2.75301389,0.5392103,0.24510932,-0.06495156,0.25,-0.17370007
44.8,-1.61042752,2.76605762,0.53258618,0.24220205,-0.0645471,0.25,-0.17370007
44.9,-1.58847278,2.77895763,0.52595076,0.24174529,-0.06512473,0.25,-0.17345756
45.0,-1.56656272,2.79165963,0.51910572,0.24016408,-0.06985946,0.25,-0.17345756
45.1,-1.54466836,2.8040595,0.51155971,0.2460944,-0.07862662,0.25,-0.17646878
45.2,-1.52264108,2.81639658,0.50349729,0.24571914,-0.08168208,0.25,-0.17646878
45.3,-1.50786306,2.8245599,0.49897115,0.2522305,-0.05510389,0.25,-0.17637346
45.4,-1.48543857,2.83672128,0.49317299,0.24568474,-0.05869808,0.25,-0.17526118
45.5,-1.463011,2.84874784,0.4869917,0.25626777,-0.06046364,0.25,-0.17526118
45.6,-1.44035309,2.86070585,0.48054739,0.25080951,-0.07324309,0.25,-0.18010716
45.7,-1.4174116,2.87279807,0.47213289,0.25818966,-0.08607979,0.25,-0.18010716
45.8,-1.39445276,2.88455958,0.46321562,0.25746506,-0.10117334,0.25,-0.18255592
45.9,-1.37147094,2.89593879,0.45468668,0.24828824,-0.06361276,0.25,-0.18255592
46.0,-1.34864762,2.90707723,0.44816516,0.24718944,-0.06728836,0.25,-0.1929087
46.1,-1.32588028,2.9180701,0.44137853,0.2429493,-0.06663291,0.25,-0.1929087
46.2,-1.30319122,2.92870406,0.43312556,0.24957478,-0.07928812,0.25,-0.17584445
46.3,-1.28030905,2.93910834,0.42497078,0.24375388,-0.08336304,0.25,-0.17712826
46.4,-1.25724202,2.94945171,0.41653055,0.25522198,-0.0678711,0.25,-0.17712826
46.5,-1.23383576,2.95969898,0.41053794,0.25763067,-0.05366078,0.25,-0.17547094
46.6,-1.21054776,2.96981265,0.40485137,0.25345405,-0.05683442,0.25,-0.17547094
46.7,-1.1869425,2.97990411,0.39871556,0.24995371,-0.07306104,0.25,-0.17445531
46.8,-1.16307557,2.99011954,0.39118242,0.24962721,-0.08193051,0.25,-0.17445531
46.9,-1.13906454,3.00010556,0.38358842,0.25099248,-0.06467326,0.25,-0.17442264
47.0,-1.12304889,3.00671213,0.37879534,0.25638515,-0.07565975,0.25,-0.17083212
47.1,-1.09924668,3.01612151,0.37282539,0.24535391,-0.05288396,0.25,-0.17083212
47.2,-1.07567603,3.02537689,0.36731499,0.25054491,-0.05596388,0.25,-0.17565221
47.3,-1.05235593,3.03438278,0.36157945,0.23932643,-0.06370901,0.25,-0.17565221
47.4,-1.02888727,3.04326395,0.3544237,0.24967321,-0.07530958,0.25,-0.1831391
47.5,-1.00526565,3.0518084,0.3458976,0.24353658,-0.0806192,0.25,-0.1831391
47.6,-0.98136994,3.0603366,0.33753698,0.25150757,-0.07411096,0.25,-0.19010677
47.7,-0.95727569,3.06877762,0.33130781,0.25100079,-0.05866116,0.25,-0.19010677
47.8,-0.93288186,3.07707353,0.32551224,0.26220085,-0.04881985,0.25,-0.18946995
47.9,-0.90800452,3.08528725,0.31968631,0.2601607,-0.0729843,0.25,-0.19273333
48.0,-0.88338422,3.09340897,0.31200341,0.25694587,-0.07762739,0.25,-0.19273333
48.1,-0.85863164,3.10136866,0.30326104,0.26152232,-0.08332983,0.25,-0.20055511
48.2,-0.83418732,3.10898113,0.29446035,0.25020487,-0.06701431,0.25,-0.20055511
48.3,-0.80981733,3.11632269,0.28592112,0.25416341,-0.09701389,0.25,-0.20150207
48.4,-0.78608407,3.12341904,0.27960261,0.23991391,-0.05022785,0.25,-0.20154196
48.5,-0.76237455,3.13031455,0.27429242,0.23839657,-0.05138757,0.25,-0.20154196
48.6,-0.74638547,3.13485049,0.27039616,0.24567787,-0.06958779,0.25,-0.20485323
48.7,-0.72231736,3.14147462,0.26274505,0.25254963,-0.08153369,0.25,-0.20485323
48.8,-0.69773411,3.14807462,0.25324353,0.25185662,-0.08699221,0.25,-0.21361952
48.9,-0.67286663,3.15438749,0.24429405,0.25731777,-0.08787956,0.25,-0.21267616
49.0,-0.64722529,3.1605535,0.23816476,0.2635391,-0.04914818,0.25,-0.21267616
49.1,-0.62147606,3.16660303,0.23311143,0.24970358,-0.05441468,0.25,-0.20962428
49.2,-0.59573961,3.17255112,0.22785104,0.26497165,-0.0438142,0.25,-0.20962428
49.3,-0.57038295,3.17836954,0.22146372,0.25477011,-0.07804398,0.25,-0.21061944
49.4,-0.54555501,3.18395131,0.21261247,0.24363455,-0.09372646,0.25,-0.21415381
49.5,-0.52087092,3.18911675,0.20201066,0.24187621,-0.09980419,0.25,-0.21415381
49.6,-0.49621784,3.19407146,0.19419015,0.24894468,-0.06867733,0.25,-0.20999573
49.7,-0.47181234,3.19891155,0.18791403,0.23840907,-0.05595185,0.25,-0.20999573
49.8,-0.44746996,3.20358979,0.18263931,0.23802265,-0.0436669,0.25,-0.20813914
49.9,-0.42251467,3.20820132,0.17703253,0.25341101,-0.0639015,0.25,-0.21005309
50.0,-0.39707115,3.21271038,0.17000461,0.262132,-0.08391679,0.25,-0.21005309
50.1,-0.37143297,3.21704753,0.16226054,0.2641331,-0.05904287,0.25,-0.21285993
50.2,-0.34547562,3.22119089,0.1569549,0.25714172,-0.05214279,0.25,-0.21285993
50.3,-0.32825953,3.22386583,0.15299326,0.25355411,-0.05757832,0.25,-0.21271467
50.4,-0.30266008,3.227785,0.14668611,0.24791974,-0.08653711,0.25,-0.20720141
50.5,-0.27737188,3.23149626,0.1368686,0.25065466,-0.09513102,0.25,-0.20720141
50.6,-0.25214565,3.23487822,0.12796669,0.24116601,-0.08774736,0.25,-0.19603657
50.7,-0.22714438,3.23801836,0.11863755,0.24403109,-0.07174947,0.25,-0.19603657
50.8,-0.20239165,3.24100447,0.11325221,0.24242072,-0.04059921,0.25,-0.17509991
50.9,-0.17753329,3.24386082,0.108983,0.24320688,-0.04292912,0.25,-0.16633621
51.0,-0.15238258,3.24658442,0.10475342,0.24378434,-0.04981084,0.25,-0.16633621
51.1,-0.12700318,3.24922643,0.09950216,0.24570492,-0.05231439,0.25,-0.15916105
51.2,-0.10139572,3.2517083,0.0928657,0.25241115,-0.06628214,0.25,-0.15916105
51.3,-0.07565639,3.2539964,0.08764958,0.25838579,-0.03565868,0.25,-0.15092936
51.4,-0.04986052,3.25623478,0.08413874,0.25827772,-0.03435878,0.25,-0.14235439
51.5,-0.0242742,3.2583137,0.07916111,0.25183698,-0.06030721,0.25,-0.14235439
51.6,0.00119853,3.26032572,0.07363244,0.24741288,-0.05291044,0.25,-0.13522961
51.7,0.02664323,3.26220632,0.06866805,0.24671717,-0.04635476,0.25,-0.13522961
51.8,0.05197069,3.26392925,0.0636256,0.24764941,-0.05422931,0.25,-0.12424263
51.9,0.07715097,3.26548723,0.05997829,0.24316491,-0.02733838,0.25,-0.11234245
52.0,0.09393519,3.26648217,0.05818065,0.24395168,-0.02508859,0.25,-0.11234245
52.1,0.1193652,3.26792389,0.05553609,0.24873778,-0.0234699,0.25,-0.10962605
52.2,0.14485659,3.26932303,0.05294785,0.25078508,-0.02889217,0.25,-0.10962605
52.3,0.17033867,3.27064378,0.04941327,0.247693,-0.03974998,0.25,-0.10540559
52.4,0.19585023,3.27187887,0.04565063,0.25481343,-0.0330545,0.25,-0.10540559
52.5,0.22152582,3.27305962,0.04289671,0.25606711,-0.02339516,0.25,-0.09860791
52.6,0.24715152,3.27417224,0.04031405,0.2497838,-0.02784898,0.25,-0.09860791
52.7,0.2726308,3.27518278,0.03767343,0.25257898,-0.02506351,0.25,-0.09122783
52.8,0.29811612,3.2761149,0.03468145,0.24798168,-0.03001245,0.25,-0.08864628
52.9,0.32360523,3.27698618,0.03148599,0.25191371,-0.03218648,0.25,-0.08864628
53.0,0.34900112,3.27778777,0.0285276,0.24788302,-0.02083388,0.25,-0.08175332
53.1,0.37432344,3.2784656,0.0265827,0.24769398,-0.01839189,0.25,-0.08175332
53.2,0.39983357,3.27912914,0.02475143,0.24981071,-0.01536648,0.25,-0.07480249
53.3,0.41683824,3.27954713,0.02374678,0.24766083,-0.01342305,0.25,-0.07480249
53.4,0.44234217,3.28014509,0.02223284,0.25166944,-0.01666088,0.25,-0.07207631
53.5,0.46786613,3.28069807,0.02034109,0.25100253,-0.02451945,0.25,-0.06921956
53.6,0.49339087,3.28120917,0.01847934,0.24871868,-0.02271546,0.25,-0.06921956
53.7,0.51876846,3.28168683,0.01626813,0.25077261,-0.0199035,0.25,-0.06445039
53.8,0.54425697,3.28209765,0.0144945,0.24984889,-0.01668965,0.25,-0.06288955
53.9,0.56977397,3.28245456,0.01271118,0.25213737,-0.01698503,0.25,-0.06288955
54.0,0.59527342,3.28274555,0.01074692,0.24856707,-0.0229333,0.25,-0.05699852
54.1,0.6207289,3.28299,0.00882391,0.25063517,-0.0193862,0.25,-0.05699852
54.2,0.64620787,3.28318535,0.00733965,0.24940458,-0.01611688,0.25,-0.05217875
54.3,0.67176937,3.2833582,0.00599559,0.2485222,-0.01071367,0.25,-0.05006254
54.4,0.69726089,3.28349788,0.00493798,0.2499588,-0.01025855,0.25,-0.05006254
54.5,0.72276685,3.28361869,0.00385445,0.24836532,-0.01174143,0.25,-0.04785682
54.6,0.74825687,3.28370587,0.00259434,0.25194162,-0.0133764,0.25,-0.04785682
54.7,0.77371345,3.28375498,0.00130853,0.24776954,-0.01140876,0.25,-0.04382468
54.8,0.79913637,3.28379572,4.723e-05,0.25125456,-0.01237407,0.25,-0.04343368
54.9,0.82462998,3.28379044,-0.00101735,0.24807605,-0.01051809,0.25,-0.04343368
55.0,0.84163999,3.28376357,-0.00177268,0.25079114,-0.01120086,0.25,-0.03723593
55.1,0.86715116,3.28371583,-0.00279653,0.25006924,-0.00944249,0.25,-0.03723593
55.2,0.89265826,3.28363701,-0.00403908,0.25007887,-0.00903371,0.25,-0.03506751
55.3,0.91814945,3.2835269,-0.00495498,0.25221744,-0.00949278,0.25,-0.03316951
55.4,0.94370546,3.28338423,-0.00596893,0.25208359,-0.01088775,0.25,-0.03316951
55.5,0.96923867,3.28321984,-0.00664974,0.25054992,-0.00613404,0.25,-0.02982206
55.6,0.9947735,3.28303039,-0.00723293,0.25152813,-0.00532915,0.25,-0.02982206
55.7,1.02028326,3.28284343,-0.00785734,0.24864219,-0.00581439,0.25,-0.02578238
55.8,1.04579216,3.28264353,-0.00857926,0.24941626,-0.00743752,0.25,-0.02578238
55.9,1.07123506,3.28241866,-0.00932932,0.25139653,-0.00861293,0.25,-0.02362757
56.0,1.09670875,3.28217143,-0.00990509,0.25009231,-0.00169631,0.25,-0.02329961
56.1,1.12221198,3.28191934,-0.01027617,0.2489095,-0.00493234,0.25,-0.02329961
56.2,1.14770779,3.28165835,-0.01077318,0.24920153,-0.00500386,0.25,-0.02129719
56.3,1.17320971,3.2813797,-0.01145224,0.25013763,-0.0053715,0.25,-0.02129719
56.4,1.19873088,3.28107637,-0.01214439,0.24984396,-0.00802737,0.25,-0.01828646
56.5,1.22427548,3.2807577,-0.01280605,0.2510403,-0.00607414,0.25,-0.01828646
56.6,1.24980386,3.28042764,-0.01316465,0.24959201,-0.00291118,0.25,-0.01750065
56.7,1.26682048,3.28020048,-0.01337244,0.25021182,-0.00293009,0.25,-0.01396355
56.8,1.29235086,3.27984875,-0.01363303,0.24981158,-0.00240435,0.25,-0.01396355
56.9,1.31785361,3.27949991,-0.0139904,0.24966144,-0.00633444,0.25,-0.01080365
57.0,1.34334249,3.27914142,-0.01443575,0.24943653,-0.00300952,0.25,-0.01080365
57.1,1.36883117,3.2787729,-0.01481089,0.25006716,-0.00358733,0.25,-0.00974714
57.2,1.39433679,3.27839142,-0.01496956,0.25041904,4.087e-05,0.25,-0.00974714
57.3,1.41984761,3.27800928,-0.01506026,0.25032653,-0.00157053,0.25,-0.00873825
57.4,1.44535062,3.27762468,-0.01518726,0.24988454,-0.00251115,0.25,-0.00668229
57.5,1.47085468,3.27723996,-0.01553886,0.25002886,-0.00164047,0.25,-0.00668229
57.6,1.49637301,3.27684326,-0.0157955,0.25055123,-0.00257291,0.25,-0.00578714
57.7,1.52188591,3.27643476,-0.01599565,0.24997472,-0.00038079,0.25,-0.00578714
57.8,1.54739006,3.27602283,-0.01603049,0.25039062,-0.00050751,0.25,-0.00410369
57.9,1.57289782,3.27561615,-0.01604512,0.24989619,-8.778e-05,0.25,-0.00410369
58.0,1.59840024,3.27520496,-0.01613235,0.25002222,-0.0010124,0.25,-0.00304488
58.1,1.62389675,3.27479311,-0.01627701,0.25013404,-0.00221662,0.25,-0.00240941
58.2,1.64939389,3.27437811,-0.01643461,0.25013663,-0.00153976,0.25,-0.00240941
58.3,1.66639698,3.27409723,-0.01642137,0.25019664,0.00118108,0.25,-0.00240941
58.4,1.69190727,3.27368123,-0.01625117,0.25012344,0.00213852,0.25,-0.00043001
58.5,1.71741542,3.27326942,-0.0161006,0.24992341,0.00022475,0.25,0.00020788
58.6,1.74292068,3.2728584,-0.0161102,0.25023852,-0.00351164,0.25,0.00020788
58.7,1.76842748,3.27244961,-0.01623786,0.24985408,-0.00093778,0.25,0.0005308
58.8,1.79393531,3.2720361,-0.01630786,0.25018303,3.008e-05,0.25,0.00098617
58.9,1.81944046,3.27162072,-0.0162314,0.25024328,0.00175403,0.25,0.00098617
59.0,1.84494581,3.27121019,-0.01605452,0.25004767,0.00116566,0.25,0.00350928
59.1,1.8704494,3.27080208,-0.0159374,0.24997311,0.00064453,0.25,0.00256231
59.2,1.89595162,3.2703955,-0.01592103,0.25030057,-2.553e-05,0.25,0.00256231
59.3,1.9214545,3.26998814,-0.01592602,0.25008708,0.00061072,0.25,0.00280245
59.4,1.94695903,3.26958108,-0.01586419,0.25013803,0.00288794,0.25,0.00280245
59.5,1.97246448,3.26917597,-0.01563716,0.25003546,0.00342891,0.25,0.00376337
59.6,1.99797148,3.26878075,-0.01533785,0.25026923,0.00216479,0.25,0.00448571
59.7,2.02347733,3.26839722,-0.01524656,0.25025346,-0.00051653,0.25,0.00448571
59.8,2.04897956,3.26800699,-0.01526689,0.24981417,5.339e-05,0.25,0.00565567
59.9,2.07448066,3.26762255,-0.01520907,0.24963667,0.00051225,0.25,0.00565567
60.0,2.09148172,3.26736527,-0.01512122,0.2499761,0.0016025,0.25,0.00611443
60.1,2.11697862,3.26698625,-0.01495331,0.2499949,0.00162311,0.25,0.00611443
60.2,2.14248059,3.26660965,-0.01478293,0.25009062,0.00210108,0.25,0.0060755
60.3,2.16798553,3.26623373,-0.01466849,0.24997328,0.00031254,0.25,0.00603349
60.4,2.19349358,3.26585704,-0.01461366,0.25000622,0.00046916,0.25,0.00603349
60.5,2.21900183,3.26548305,-0.01453381,0.25007194,0.00106535,0.25,0.00774154
60.6,2.24450967,3.26510731,-0.01419498,0.25019931,0.00652985,0.25,0.00774154
60.7,2.27001545,3.26475119,-0.01377873,0.25030698,0.00292343,0.25,0.0077702
60.8,2.29551828,3.26440378,-0.01349361,0.24954535,0.00188215,0.25,0.0077702
60.9,2.32102455,3.26406181,-0.01344704,0.24973818,0.00047836,0.25,0.00706329
61.0,2.34652937,3.2637236,-0.01334482,0.24958598,0.0010059,0.25,0.00746711
61.1,2.37202978,3.26338982,-0.01320682,0.24961442,0.00263088,0.25,0.00746711
61.2,2.39752855,3.26305878,-0.01296311,0.24973023,0.00201378,0.25,0.00840089
61.3,2.42302939,3.26273157,-0.01275089,0.25044998,0.00241137,0.25,0.00840089
61.4,2.4485351,3.26240709,-0.01260875,0.24984498,4.407e-05,0.25,0.00879696
61.5,2.47404147,3.26208311,-0.01252331,0.25075767,0.00206319,0.25,0.00879696
61.6,2.49104629,3.26186742,-0.01241501,0.25042042,0.00128004,0.25,0.00987374
61.7,2.51655767,3.26155165,-0.01213244,0.25013174,0.00253048,0.25,0.00987374
61.8,2.54206445,3.26124806,-0.01154088,0.25016129,0.00804285,0.25,0.011519
61.9,2.56757166,3.26095723,-0.01101052,0.25054209,0.00375729,0.25,0.00960996
62.0,2.59307799,3.26067825,-0.01088559,0.25005815,6.797e-05,0.25,0.00960996
62.1,2.61858177,3.26040456,-0.01080984,0.25030469,0.00105452,0.25,0.00849288
62.2,2.64408202,3.26013408,-0.0106728,0.24951128,0.00107895,0.25,0.00849288
62.3,2.66958538,3.25986726,-0.01041437,0.25044387,0.00338237,0.25,0.00861081
62.4,2.69508697,3.25960712,-0.01019306,0.25005965,0.00168585,0.25,0.00872594
62.5,2.72058859,3.25935029,-0.00998796,0.24977574,0.0017469,0.25,0.00872594
62.6,2.74609798,3.25909384,-0.00984257,0.25042181,0.00203783,0.25,0.00792305
62.7,2.77161478,3.25884146,-0.00971801,0.24993411,0.00122618,0.25,0.00792305
62.8,2.79712337,3.25859317,-0.00947652,0.24992219,0.00275637,0.25,0.00761994
62.9,2.82263062,3.25835175,-0.00921966,0.24950285,0.00229272,0.25,0.00761994
63.0,2.84813706,3.25812132,-0.00871088,0.2502357,0.00352987,0.25,0.00847384
63.1,2.87364378,3.25790357,-0.00854059,0.25006534,0.00085319,0.25,0.00845963
63.2,2.89914876,3.2576887,-0.00841731,0.25001542,0.00107063,0.25,0.00845963
63.3,2.91615007,3.25755009,-0.00833723,0.25045052,0.00126441,0.25,0.00833334
63.4,2.94164872,3.25734387,-0.00814627,0.25009328,0.00237702,0.25,0.00833334
63.5,2.96714716,3.25714256,-0.00793435,0.24948187,0.00176019,0.25,0.00837242
63.6,2.99265374,3.25694055,-0.00773405,0.25042596,0.0018258,0.25,0.00844592
63.7,3.01816138,3.25674359,-0.00766227,0.24990174,0.00032368,0.25,0.00844592
63.8,3.04366968,3.25654728,-0.00753161,0.25035563,0.00052807,0.25,0.00757427
63.9,3.06917664,3.25635234,-0.0073857,0.25010391,0.00219676,0.25,0.00757427
64.0,3.0946828,3.25616808,-0.00703716,0.25019055,0.0022752,0.25,0.0078915
64.1,3.12019036,3.25599009,-0.00670767,0.2499053,0.00266518,0.25,0.0078915
64.2,3.14569613,3.25581936,-0.00655637,0.24963642,0.0010412,0.25,0.00659658
64.3,3.17120313,3.25565206,-0.00646264,0.25013853,0.00165977,0.25,0.0051416
64.4,3.19671073,3.25549208,-0.00634745,0.25035554,0.00106396,0.25,0.0051416
64.5,3.22221616,3.25533267,-0.00622075,0.25030855,0.00367659,0.25,0.00417738
64.6,3.24772589,3.25517555,-0.00591046,0.25007918,0.00294925,0.25,0.00417738
64.7,3.27323552,3.25502707,-0.00575945,0.25014504,0.00030334,0.25,0.0024238
64.8,3.29874108,3.25487849,-0.00576254,0.25009294,-0.00039737,0.25,0.0024238
64.9,3.31574297,3.25478014,-0.00576772,0.24979875,0.00024707,0.25,0.00038692
65.0,3.34124452,3.25463145,-0.00586651,0.25017507,-0.00031581,0.25,-0.00083169
65.1,3.36675368,3.25448415,-0.00581928,0.25035266,0.00251936,0.25,-0.00083169
65.2,3.39226288,3.25433778,-0.00565305,0.2501504,0.0005077,0.25,0.00076739
65.3,3.4177723,3.25419726,-0.00553623,0.24998217,0.00038315,0.25,0.00076739
65.4,3.4432805,3.25405916,-0.00568267,0.24987365,-0.00424012,0.25,-0.00556858
65.5,3.46879114,3.25391685,-0.00589063,0.25026449,-0.00231459,0.25,-0.00806896
65.6,3.49430407,3.25376391,-0.00614602,0.25039707,-0.00140022,0.25,-0.00806896
65.7,3.51981209,3.25360572,-0.00618376,0.25045769,-0.00113381,0.25,-0.0139096
65.8,3.5453203,3.25344545,-0.00640038,0.25026087,-0.00299452,0.25,-0.0139096
65.9,3.57082937,3.25327927,-0.00673986,0.25016056,-0.00477725,0.25,-0.01481468
66.0,3.59632612,3.25310093,-0.00728504,0.24957378,-0.00474673,0.25,-0.01481468
66.1,3.62180004,3.2529102,-0.00771507,0.24963945,-0.00601812,0.25,-0.0178328
66.2,3.64729621,3.25271083,-0.00810714,0.25100734,-0.00328206,0.25,-0.01701946
66.3,3.67280058,3.25250262,-0.00841726,0.25101854,-0.00337211,0.25,-0.01701946
66.4,3.69830873,3.25228916,-0.00877721,0.24925075,-0.00422075,0.25,-0.01849909
66.5,3.72381744,3.25206702,-0.00924318,0.25008877,-0.00496064,0.25,-0.01955823
66.6,3.7408259,3.25190704,-0.00962272,0.25016966,-0.00577434,0.25,-0.01955823
66.7,3.7663688,3.25165898,-0.01019658,0.25066379,-0.00814155,0.25,-0.02150936
66.8,3.79189705,3.25139511,-0.01065946,0.2494828,-0.00314279,0.25,-0.02150936
66.9,3.81741856,3.25111748,-0.01103743,0.24857692,-0.00364909,0.25,-0.02211428
67.0,3.84293464,3.25083339,-0.01145807,0.24986621,-0.00498777,0.25,-0.0234568
67.1,3.86844499,3.25053815,-0.01206852,0.24879034,-0.00658336,0.25,-0.0234568
67.2,3.89390123,3.25022463,-0.01276101,0.24957039,-0.00694609,0.25,-0.00823942
67.3,3.91937714,3.24988929,-0.01310241,0.24970773,-0.00087033,0.25,-0.00823942
67.4,3.94488589,3.24955412,-0.01316393,0.25009174,-0.00012085,0.25,-0.01259509
67.5,3.97039462,3.24921449,-0.01330423,0.25057314,-0.00280124,0.25,-0.01343857
67.6,3.99589951,3.24887636,-0.01360526,0.25075655,-0.00354875,0.25,-0.01343857
67.7,4.02141172,3.24852319,-0.01408835,0.25045543,-0.00515607,0.25,-0.0153978
67.8,4.04693918,3.2481536,-0.01459608,0.25097168,-0.00464803,0.25,-0.0153978
67.9,4.0724667,3.24776828,-0.01501583,0.25015863,-0.00315305,0.25,-0.01962515
68.0,4.09798753,3.24737826,-0.01532284,0.25021709,-0.0027006,0.25,-0.01962515
68.1,4.12349597,3.24698482,-0.01570327,0.24859309,-0.00569655,0.25,-0.02465982
68.2,4.1405004,3.24671742,-0.01616073,0.25022769,-0.00661977,0.25,-0.02465982
68.3,4.16597231,3.24630492,-0.01710836,0.24934789,-0.01044394,0.25,-0.03599429
68.4,4.19140225,3.24587175,-0.01811231,0.25030261,-0.0102026,0.25,-0.04113888
68.5,4.21687621,3.24540073,-0.01914139,0.251725,-0.01005038,0.25,-0.04113888
68.6,4.24237467,3.24490665,-0.02016164,0.25077977,-0.0101473,0.25,-0.04296103
68.7,4.26787681,3.24438513,-0.02123576,0.24730816,-0.00868761,0.25,-0.04296103
68.8,4.29338984,3.24382139,-0.02255674,0.25127032,-0.01049678,0.25,-0.04372152
68.9,4.31896829,3.24322819,-0.02366667,0.25099998,-0.01114212,0.25,-0.04500034
69.0,4.344549,3.24260533,-0.02475959,0.2499538,-0.0101648,0.25,-0.04500034
69.1,4.37007408,3.24196005,-0.02570454,0.25139021,-0.00794157,0.25,-0.04805545
69.2,4.39560069,3.24129475,-0.02657241,0.25218154,-0.00846267,0.25,-0.04805545
69.3,4.42111997,3.24060604,-0.02761711,0.2501685,-0.01163048,0.25,-0.04693358
69.4,4.44656293,3.23991186,-0.02895152,0.24973535,-0.01480199,0.25,-0.04854865
69.5,4.47196339,3.23918406,-0.03030023,0.24955181,-0.01404377,0.25,-0.04854865
69.6,4.49740233,3.23841391,-0.03174847,0.25141252,-0.01371127,0.25,-0.05555517
69.7,4.52290574,3.23758447,-0.03319439,0.2507486,-0.01459447,0.25,-0.05555517
69.8,4.548411,3.23672983,-0.03466664,0.24963878,-0.01479979,0.25,-0.05799736
69.9,4.56540696,3.23613311,-0.03569465,0.25338355,-0.01440705,0.25,-0.06084315
70.0,4.59096134,3.23517939,-0.03757516,0.24988252,-0.0190603,0.25,-0.06084315
70.1,4.61652642,3.23415751,-0.03924757,0.25028786,-0.01568341,0.25,-0.06643601
70.2,4.64208403,3.2331237,-0.04072702,0.24726284,-0.01271227,0.25,-0.06643601
70.3,4.66759819,3.23206127,-0.04209107,0.25082331,-0.01300064,0.25,-0.0702637
70.4,4.69311774,3.23096986,-0.04345512,0.24834364,-0.0155877,0.25,-0.07266734
70.5,4.71849722,3.22985622,-0.0453563,0.2463266,-0.0190295,0.25,-0.07266734
70.6,4.74386926,3.22874039,-0.0475331,0.24820165,-0.01970143,0.25,-0.08073941
70.7,4.76920668,3.22754525,-0.0498077,0.24738251,-0.0196957,0.25,-0.08073941
70.8,4.79468645,3.22624206,-0.05206467,0.25424694,-0.02222609,0.25,-0.07857144
70.9,4.82017711,3.22489667,-0.05433315,0.24910771,-0.02197196,0.25,-0.07857144
71.0,4.84562528,3.22350907,-0.05647457,0.25210026,-0.02180245,0.25,-0.0823136
71.1,4.87118779,3.22199132,-0.05881957,0.24840738,-0.02168191,0.25,-0.0927651
71.2,4.8968616,3.22041626,-0.06120056,0.2505456,-0.02393755,0.25,-0.0927651
71.3,4.92243923,3.21881647,-0.06373837,0.24934402,-0.02020236,0.25,-0.10208437
71.4,4.947866,3.21719072,-0.06565478,0.24715617,-0.01984834,0.25,-0.10208437
71.5,4.96478819,3.21607633,-0.06702483,0.24795289,-0.02156999,0.25,-0.11238945
71.6,4.99018496,3.21437377,-0.06924079,0.25024489,-0.02914176,0.25,-0.11745657
71.7,5.01522191,3.2126137,-0.07225805,0.24454193,-0.03159472,0.25,-0.11745657
71.8,5.04043339,3.21083887,-0.07552325,0.25019392,-0.03284157,0.25,-0.12872452
71.9,5.06564759,3.20888615,-0.07999654,0.25191572,-0.04237425,0.25,-0.12872452
72.0,5.09108948,3.20680428,-0.08411305,0.25393712,-0.03975094,0.25,-0.13471138
72.1,5.11648537,3.20461258,-0.08837041,0.24916043,-0.03827992,0.25,-0.13471138
72.2,5.14201162,3.20233078,-0.09239841,0.25418451,-0.03946128,0.25,-0.13643777
72.3,5.16783421,3.19992055,-0.09622464,0.25179153,-0.03624758,0.25,-0.14003762
72.4,5.19373406,3.19739616,-0.09958082,0.25748709,-0.04238494,0.25,-0.14003762
72.5,5.2191412,3.19482668,-0.10361443,0.24741482,-0.02862165,0.25,-0.1451422
72.6,5.24453461,3.19217099,-0.10635817,0.2472181,-0.02727059,0.25,-0.1451422
72.7,5.26980743,3.18948277,-0.10921663,0.24071179,-0.03311035,0.25,-0.15289662
72.8,5.29458724,3.18672238,-0.11303199,0.25191409,-0.04121137,0.25,-0.15990574
72.9,5.31947084,3.18384399,-0.11766569,0.24631977,-0.04989467,0.25,-0.15990574
73.0,5.34439102,3.18086106,-0.12279901,0.24624777,-0.06775932,0.25,-0.16393123
73.1,5.36966265,3.1778378,-0.12847644,0.2489315,-0.05450486,0.25,-0.16393123
73.2,5.38647928,3.17569213,-0.1324158,0.25321214,-0.05562267,0.25,-0.1690608
73.3,5.41178756,3.17237458,-0.13885048,0.26006682,-0.05606485,0.25,-0.1690608
73.4,5.43768609,3.16873927,-0.14344521,0.2513869,-0.03693398,0.25,-0.17001783
73.5,5.46344597,3.1649543,-0.14772341,0.25689676,-0.03977514,0.25,-0.17733651
73.6,5.48937063,3.161138,-0.15195643,0.24171983,-0.05586765,0.25,-0.17733651
73.7,5.51456322,3.15727604,-0.15778611,0.25213,-0.04026542,0.25,-0.17462053
73.8,5.53962321,3.15332119,-0.16137831,0.24961026,-0.03450843,0.25,-0.17462053
73.9,5.56424283,3.14926521,-0.16515421,0.23988761,-0.04662697,0.25,-0.17407274
74.0,5.58875991,3.14509898,-0.17007515,0.24729814,-0.05374433,0.25,-0.18098019
74.1,5.61331951,3.14082575,-0.17502757,0.23957605,-0.04318578,0.25,-0.18098019
74.2,5.63816104,3.13639331,-0.18139034,0.25116593,-0.08728055,0.25,-0.19092663
74.3,5.66316274,3.13197415,-0.18969453,0.2512982,-0.07138946,0.25,-0.19092663
74.4,5.6884426,3.12722312,-0.19701296,0.25922686,-0.06050117,0.25,-0.18808962
74.5,5.71408075,3.12216266,-0.20249709,0.2609338,-0.05027544,0.25,-0.19672633
74.6,5.7399463,3.11689211,-0.20774786,0.26046952,-0.05195326,0.25,-0.19672633
74.7,5.76589845,3.11152735,-0.21243297,0.26001397,-0.04486161,0.25,-0.19968392
74.8,5.78275314,3.10786044,-0.2170962,0.25703244,-0.09286125,0.25,-0.19968392
74.9,5.8076109,3.10225894,-0.22709119,0.24446158,-0.10132575,0.25,-0.20421095
75.0,5.83204315,3.09666573,-0.23766222,0.24163801,-0.09140606,0.25,-0.20747001
75.1,5.85625753,3.09084905,-0.24603032,0.24724472,-0.07843076,0.25,-0.20747001
75.2,5.88036557,3.08478421,-0.25336443,0.24607661,-0.06100468,0.25,-0.20758946
75.3,5.9042019,3.07844298,-0.25941356,0.2405264,-0.05587746,0.25,-0.20758946
75.4,5.92877558,3.07182657,-0.26542403,0.25659993,-0.06172263,0.25,-0.20751362
75.5,5.95369531,3.06500608,-0.27253993,0.24663473,-0.07317811,0.25,-0.21252221
75.6,5.97879885,3.05799009,-0.28111956,0.25442781,-0.08297911,0.25,-0.21252221
75.7,6.00389081,3.05071039,-0.28942423,0.25211466,-0.07861918,0.25,-0.21317646
75.8,6.02888323,3.04335551,-0.29785814,0.25327207,-0.08996133,0.25,-0.21317646
75.9,6.05352349,3.03580272,-0.30519044,0.25428179,-0.07822676,0.25,-0.21383973
76.0,6.07773064,3.0280903,-0.31322458,0.25195242,-0.08056164,0.25,-0.21564839
76.1,6.10167017,3.02021949,-0.32215844,0.2444123,-0.08857188,0.25,-0.21564839
76.2,6.12543766,3.01240551,-0.3318589,0.25055783,-0.09060974,0.25,-0.21883045
76.3,6.14909064,3.00418416,-0.34019491,0.25610346,-0.09377769,0.25,-0.21883045
76.4,6.17265821,2.99587991,-0.34959639,0.24893177,-0.07722243,0.25,-0.21543118
76.5,6.18854673,2.99001919,-0.35457992,0.24246958,-0.07543047,0.25,-0.21472928
76.6,6.21280318,2.98109946,-0.36180014,0.25096228,-0.0718316,0.25,-0.21472928
76.7,6.2370452,2.97197665,-0.37048039,0.25075703,-0.10159895,0.25,-0.21240227
76.8,6.26126997,2.96268695,-0.37956013,0.25346975,-0.08013822,0.25,-0.21240227
76.9,6.28543301,2.95307694,-0.38778892,0.2596984,-0.08483889,0.25,-0.21176556
77.0,6.30924806,2.94328737,-0.39695989,0.25168529,-0.07655162,0.25,-0.21484462
77.1,6.33275116,2.93338536,-0.40477001,0.25425451,-0.07442263,0.25,-0.21484462
77.2,6.3561489,2.92327375,-0.41246179,0.25313203,-0.07350975,0.25,-0.21580031
77.3,6.37920087,2.91318333,-0.42234239,0.25030541,-0.10369519,0.25,-0.21580031
77.4,6.40207703,2.90309886,-0.43256317,0.24606937,-0.10545842,0.25,-0.21861412
77.5,6.42483019,2.89261278,-0.44270229,0.24652411,-0.09617536,0.25,-0.21966587
77.6,6.44773301,2.88168825,-0.45204481,0.26230045,-0.0943042,0.25,-0.21966587
77.7,6.47069242,2.87046968,-0.46094581,0.2610549,-0.0861405,0.25,-0.22080125
77.8,6.49378143,2.85891274,-0.47162423,0.24319755,-0.10854825,0.25,-0.22080125
77.9,6.51680632,2.84706169,-0.48404531,0.25643463,-0.10741727,0.25,-0.22034779
78.0,6.53963397,2.83500389,-0.49454982,0.24272349,-0.10131143,0.25,-0.21673284
78.1,6.55473832,2.82667367,-0.50136148,0.2498488,-0.10050133,0.25,-0.21673284
78.2,6.57707299,2.81439035,-0.51080677,0.24750923,-0.1091381,0.25,-0.21367488
78.3,6.59933116,2.80188091,-0.51977959,0.25383253,-0.0811361,0.25,-0.21367488
78.4,6.62141391,2.78914509,-0.52794887,0.24654621,-0.08212213,0.25,-0.21332855
78.5,6.64311758,2.77650685,-0.53740223,0.24918755,-0.0946779,0.25,-0.21273944
78.6,6.66472388,2.76370552,-0.54731046,0.26087468,-0.09023163,0.25,-0.21273944
78.7,6.6864597,2.75052539,-0.55683036,0.24893911,-0.10297097,0.25,-0.21150243
78.8,6.70811737,2.73694311,-0.5665959,0.26097071,-0.08821545,0.25,-0.21150243
78.9,6.7295893,2.7231908,-0.57608787,0.26006417,-0.09798624,0.25,-0.2086344
79.0,6.75119064,2.70906982,-0.58412269,0.25402159,-0.07764258,0.25,-0.20511652
79.1,6.77226116,2.69508735,-0.59353886,0.24232652,-0.08704658,0.25,-0.20511652
79.2,6.79323496,2.68091641,-0.60264057,0.24892577,-0.08565112,0.25,-0.20380547
79.3,6.8142489,2.66666179,-0.61182342,0.25763053,-0.08583435,0.25,-0.20380547
79.4,6.83507647,2.65217443,-0.6208468,0.24869982,-0.0896159,0.25,-0.2028778
79.5,6.85576995,2.63732932,-0.62928559,0.25199523,-0.07885583,0.25,-0.19923657
79.6,6.8769075,2.6220933,-0.63722257,0.2602034,-0.07840844,0.25,-0.19923657
79.7,6.89792125,2.60660045,-0.64553918,0.2505997,-0.08522486,0.25,-0.19929011
79.8,6.91156551,2.59629488,-0.65172584,0.2438215,-0.09515273,0.25,-0.19929011
79.9,6.93177378,2.5809606,-0.66127836,0.24674849,-0.09734329,0.25,-0.19277552
80.0,6.95183472,2.56561399,-0.67090151,0.24705944,-0.09087572,0.25,-0.19277552
80.1,6.97167472,2.54995567,-0.68013491,0.2456939,-0.07919618,0.25,-0.19030035
80.2,6.99091078,2.53401182,-0.68794808,0.25063937,-0.07712163,0.25,-0.19030035
80.3,7.01026219,2.51792707,-0.69625839,0.24388698,-0.08605199,0.25,-0.18746004
80.4,7.02980549,2.50167916,-0.70419306,0.25108588,-0.07774012,0.25,-0.18845517
80.5,7.04920924,2.48526526,-0.7121652,0.25318895,-0.07734598,0.25,-0.18845517
80.6,7.06848378,2.4687143,-0.72012241,0.2501366,-0.07744476,0.25,-0.1869451
80.7,7.08783669,2.45181278,-0.72808592,0.25471826,-0.07734598,0.25,-0.1869451
80.8,7.10749388,2.43455933,-0.73604338,0.26057806,-0.07589173,0.25,-0.18657956
80.9,7.12686542,2.41716837,-0.74424485,0.25908734,-0.08378542,0.25,-0.18657956
81.0,7.145594,2.39978271,-0.75252609,0.25440156,-0.07310526,0.25,-0.18591271
81.1,7.16413266,2.38233633,-0.76006083,0.251499,-0.07895092,0.25,-0.18516771
81.2,7.1825433,2.36495984,-0.76864893,0.25350936,-0.08292105,0.25,-0.18516771
81.3,7.20034533,2.34745553,-0.77695268,0.24369859,-0.07959494,0.25,-0.18496297
81.4,7.2122284,2.33562802,-0.78227587,0.2464586,-0.07559386,0.25,-0.18496297
81.5,7.23011195,2.31778397,-0.79053258,0.24382675,-0.0784346,0.25,-0.18325207
81.6,7.24801838,2.29969871,-0.79822859,0.24522978,-0.07324247,0.25,-0.18102796
81.7,7.26578574,2.28152316,-0.80550128,0.25215773,-0.06931291,0.25,-0.18102796
81.8,7.28348482,2.26296456,-0.81280999,0.25567924,-0.08085305,0.25,-0.17935552
81.9,7.30143868,2.24410962,-0.82083847,0.25683572,-0.08260031,0.25,-0.17935552
82.0,7.31920444,2.22513614,-0.8290634,0.25933524,-0.07842822,0.25,-0.17950176
82.1,7.33666525,2.20609614,-0.83721325,0.25208693,-0.0784122,0.25,-0.17904859
82.2,7.35366248,2.18713444,-0.8449393,0.24376102,-0.07613466,0.25,-0.17904859
82.3,7.37053258,2.16812665,-0.85234793,0.24185563,-0.07019975,0.25,-0.17874599
82.4,7.38706306,2.14924708,-0.85973093,0.24419883,-0.0707322,0.25,-0.17874599
82.5,7.40338788,2.13022535,-0.86789785,0.24073286,-0.07718772,0.25,-0.17914539
82.6,7.41958041,2.11098242,-0.87606499,0.25085455,-0.08398651,0.25,-0.17661442
82.7,7.43581368,2.09153653,-0.88357768,0.2560419,-0.0663515,0.25,-0.17661442
82.8,7.45195903,2.07186553,-0.89037401,0.2559239,-0.06564096,0.25,-0.17414178
82.9,7.46804139,2.05161562,-0.89730135,0.25506715,-0.06486819,0.25,-0.17414178
83.0,7.4840696,2.03112234,-0.90380499,0.25811229,-0.06401571,0.25,-0.1690763
83.1,7.49474218,2.01755748,-0.90852833,0.24977069,-0.07370275,0.25,-0.1690763
83.2,7.51070581,1.9971118,-0.9161693,0.25429,-0.07646237,0.25,-0.16941441
83.3,7.52632103,1.97674188,-0.92370522,0.25031892,-0.07558789,0.25,-0.17577959
83.4,7.54161688,1.95636474,-0.93151197,0.24416108,-0.07503808,0.25,-0.17577959
83.5,7.55665575,1.93619786,-0.93822213,0.2431335,-0.06035743,0.25,-0.1742967
83.6,7.57157849,1.91627288,-0.94467039,0.24474413,-0.06541062,0.25,-0.1742967
83.7,7.58634333,1.89614946,-0.95118392,0.25628372,-0.06725531,0.25,-0.1748618
83.8,7.60090741,1.87565632,-0.95830557,0.25123348,-0.07464384,0.25,-0.17918495
83.9,7.61556642,1.85474754,-0.96651688,0.24992092,-0.08848842,0.25,-0.17918495
84.0,7.6300542,1.83358354,-0.97461283,0.25369507,-0.0603518,0.25,-0.17999112
84.1,7.64449846,1.81193452,-0.9810222,0.25651403,-0.06012124,0.25,-0.17999112
84.2,7.65876536,1.79002115,-0.98734561,0.25839693,-0.06242757,0.25,-0.17993662
84.3,7.67290151,1.76811771,-0.99368409,0.25329432,-0.06322886,0.25,-0.17993662
84.4,7.68683979,1.74665181,-1.00171248,0.24773298,-0.08321851,0.25,-0.18216333
84.5,7.70058836,1.72511594,-1.01009436,0.2478391,-0.08297367,0.25,-0.1813266
84.6,7.71397778,1.70364341,-1.01874722,0.24851763,-0.07000202,0.25,-0.1813266
84.7,7.72279951,1.68952258,-1.02311222,0.24446896,-0.06058875,0.25,-0.1813266
84.8,7.73596884,1.66848912,-1.02937367,0.24231383,-0.06060757,0.25,-0.18186578
84.9,7.7489708,1.64724243,-1.03560215,0.24727705,-0.0613365,0.25,-0.18158374
85.0,7.76191161,1.62542488,-1.04318231,0.25337015,-0.08885023,0.25,-0.18158374
85.1,7.77476732,1.60326312,-1.05214457,0.24652408,-0.08822947,0.25,-0.18356616
85.2,7.78745446,1.58068198,-1.06028469,0.25864663,-0.06274928,0.25,-0.18398153
85.3,7.80000039,1.5577283,-1.06647212,0.2499951,-0.06166508,0.25,-0.18398153
85.4,7.81238504,1.53469819,-1.07259099,0.2561611,-0.05876037,0.25,-0.18453889
85.5,7.82466114,1.51205343,-1.07981414,0.25050014,-0.08584974,0.25,-0.18453889
85.6,7.83685921,1.48948622,-1.08856246,0.24744522,-0.08679035,0.25,-0.1853687
85.7,7.84865405,1.46686768,-1.09729149,0.24763021,-0.09791562,0.25,-0.18505839
85.8,7.86006623,1.44445275,-1.10709949,0.24084036,-0.06454928,0.25,-0.18505839
85.9,7.87129179,1.42200078,-1.11328543,0.24134741,-0.05127568,0.25,-0.18172668
86.0,7.88239766,1.39982838,-1.11891824,0.2530535,-0.05833282,0.25,-0.18172668
86.1,7.89363932,1.37690187,-1.1267275,0.24529766,-0.08899859,0.25,-0.1793961
86.2,7.90477667,1.35379399,-1.13563499,0.24250713,-0.08681918,0.25,-0.18194389
86.3,7.91562501,1.33049729,-1.14398183,0.26071244,-0.06377672,0.25,-0.18194389
86.4,7.92270845,1.31450773,-1.14781337,0.25728139,-0.05620587,0.25,-0.18489575
86.5,7.93322478,1.29063173,-1.15336345,0.25532709,-0.05811672,0.25,-0.18489575
86.6,7.9435858,1.26692514,-1.15952931,0.24435767,-0.07608564,0.25,-0.18222066
86.7,7.95388024,1.24349642,-1.16766264,0.24760025,-0.08401213,0.25,-0.1913608
86.8,7.96408385,1.21995854,-1.17727878,0.24701542,-0.08856254,0.25,-0.1913608
86.9,7.97383625,1.19644212,-1.18610999,0.25645844,-0.07869821,0.25,-0.1884984
87.0,7.98330395,1.17339573,-1.19231533,0.24356257,-0.05247129,0.25,-0.1884984
87.1,7.99258273,1.15028674,-1.19788126,0.24550488,-0.05210456,0.25,-0.18900825
87.2,8.00181796,1.12657072,-1.20352151,0.25537149,-0.05535535,0.25,-0.19278691
87.3,8.01091642,1.10271458,-1.20982611,0.24315212,-0.05918059,0.25,-0.19278691
87.4,8.01991803,1.07871322,-1.21758856,0.25219223,-0.09100709,0.25,-0.19691272
87.5,8.02876755,1.0544056,-1.22635907,0.25295307,-0.08185741,0.25,-0.19691272
87.6,8.03750229,1.03059751,-1.23473093,0.24396664,-0.09087176,0.25,-0.19857187
87.7,8.04586867,1.00666599,-1.24256071,0.24895033,-0.05680753,0.25,-0.19815192
87.8,8.05404335,0.98252311,-1.24836996,0.25550702,-0.0574574,0.25,-0.19815192
87.9,8.06212275,0.95832739,-1.25507744,0.25260231,-0.0766516,0.25,-0.19873078
88.0,8.0674502,0.94213828,-1.26110474,0.24943698,-0.09414708,0.25,-0.19873078
88.1,8.07516652,0.91785757,-1.27123639,0.25174252,-0.09763119,0.25,-0.19815164
88.2,8.08271653,0.89322245,-1.28052138,0.26187379,-0.08129435,0.25,-0.19967331
88.3,8.08999768,0.86865427,-1.28780458,0.25940573,-0.06206682,0.25,-0.19967331
88.4,8.09708081,0.84414766,-1.29311541,0.26093719,-0.04810779,0.25,-0.20078865
88.5,8.10401986,0.81959793,-1.29823131,0.25075062,-0.05145548,0.25,-0.20078865
88.6,8.11086644,0.79512835,-1.30390839,0.23806515,-0.0620194,0.25,-0.1990523
88.7,8.1173889,0.77089388,-1.3122374,0.24682222,-0.09458034,0.25,-0.20030256
88.8,8.12372138,0.7464896,-1.32212936,0.25058822,-0.09210138,0.25,-0.20030256
88.9,8.12991211,0.72174394,-1.32880653,0.25236631,-0.05807376,0.25,-0.20040093
89.0,8.13598917,0.69700138,-1.33471195,0.25047295,-0.0555624,0.25,-0.20040093
89.1,8.1419265,0.6722017,-1.34046218,0.25250982,-0.05575063,0.25,-0.2002852
89.2,8.14780923,0.64697601,-1.3474082,0.25202192,-0.08804228,0.25,-0.20469592
89.3,8.15361196,0.62162123,-1.35730608,0.24336577,-0.09185782,0.25,-0.20469592
89.4,8.15902008,0.59649811,-1.36756535,0.24423104,-0.10802028,0.25,-0.20785164
89.5,8.16409974,0.57142828,-1.37603543,0.23950932,-0.07047174,0.25,-0.20785164
89.6,8.1689904,0.5463925,-1.38278338,0.23709527,-0.06194052,0.25,-0.20484592
89.7,8.17211742,0.5297771,-1.38745923,0.24045123,-0.09681167,0.25,-0.20484592
89.8,8.17659096,0.50509604,-1.3993032,0.23963383,-0.10394378,0.25,-0.20685767
89.9,8.18068488,0.48021133,-1.41045846,0.25435156,-0.10246321,0.25,-0.21037575
90.0,8.18466788,0.45521733,-1.42114099,0.25286172,-0.10107507,0.25,-0.21037575
90.1,8.1884815,0.42994062,-1.42835674,0.24832718,-0.05657182,0.25,-0.20673873
90.2,8.1920805,0.4046591,-1.43410208,0.24170972,-0.05796928,0.25,-0.20673873
90.3,8.19557233,0.3790922,-1.4404808,0.25864522,-0.07354155,0.25,-0.2081249
90.4,8.19892056,0.35316031,-1.44819694,0.26136326,-0.07964569,0.25,-0.21118382
90.5,8.20199929,0.3273043,-1.45675012,0.24327164,-0.08364635,0.25,-0.21118382
90.6,8.20490147,0.30180191,-1.46584644,0.24069825,-0.08591717,0.25,-0.21167256
90.7,8.20746424,0.27636126,-1.47330671,0.23722739,-0.05446475,0.25,-0.21167256
90.8,8.20990595,0.251227,-1.47864154,0.24689699,-0.03611388,0.25,-0.21200381
90.9,8.21220771,0.2266899,-1.48352536,0.23720393,-0.05542531,0.25,-0.21305379
91.0,8.21437415,0.20211538,-1.48936712,0.23780482,-0.06326036,0.25,-0.21305379
91.1,8.21650753,0.17734159,-1.49562485,0.23703039,-0.05839271,0.25,-0.21768381
91.2,8.21852934,0.15206071,-1.50402797,0.24794651,-0.07575968,0.25,-0.21864922
91.3,8.21979648,0.13509613,-1.50890558,0.24831744,-0.06665653,0.25,-0.21864922
91.4,8.22141487,0.10906915,-1.51498486,0.26120866,-0.04486144,0.25,-0.22233438
91.5,8.22281485,0.08273591,-1.51983294,0.25497588,-0.04821236,0.25,-0.22233438
91.6,8.22407374,0.05623963,-1.52538385,0.25635716,-0.05941383,0.25,-0.2262491
91.7,8.225274,0.03010662,-1.53245308,0.24621908,-0.07702695,0.25,-0.22479774
91.8,8.22614997,0.00446432,-1.54264759,0.24326735,-0.11019789,0.25,-0.22479774
91.9,8.22687807,-0.02076923,-1.55423641,0.2530878,-0.11456686,0.25,-0.22291855
92.0,8.22720667,-0.04588857,-1.56386906,0.24687251,-0.09834213,0.25,-0.22291855
92.1,8.22740519,-0.07040697,-1.56968286,0.23845832,-0.03764128,0.25,-0.22145397
92.2,8.22739549,-0.0948153,-1.5733664,0.23469097,-0.04305301,0.25,-0.22217845
92.3,8.22730759,-0.11968869,-1.57931346,0.26019343,-0.06624054,0.25,-0.22217845
92.4,8.22705863,-0.14531748,-1.58636347,0.26029954,-0.08730288,0.25,-0.228751
92.5,8.22650665,-0.1713129,-1.5950808,0.26565904,-0.06487727,0.25,-0.228751
92.6,8.22590312,-0.19794193,-1.59940793,0.26173386,-0.0331345,0.25,-0.23403945
92.7,8.22514891,-0.22437695,-1.60359605,0.24624698,-0.04765943,0.25,-0.23482793
92.8,8.22428068,-0.25051513,-1.60906603,0.24569735,-0.0726988,0.25,-0.23482793
92.9,8.22328704,-0.27612332,-1.61837066,0.24756539,-0.10005557,0.25,-0.24642619
93.0,8.22245384,-0.29301951,-1.62566527,0.25727049,-0.10498441,0.25,-0.24642619
93.1,8.22087313,-0.31819828,-1.63829826,0.24996782,-0.14494419,0.25,-0.24948819
93.2,8.21913117,-0.34320918,-1.64992719,0.25012472,-0.10534334,0.25,-0.24948819
93.3,8.21721006,-0.36788854,-1.65929708,0.23726454,-0.07806522,0.25,-0.24549175
93.4,8.21496707,-0.39253733,-1.66743051,0.24213113,-0.07578289,0.25,-0.24429626
93.5,8.21249692,-0.41778025,-1.67569305,0.24970073,-0.08812175,0.25,-0.24429626
93.6,8.20965541,-0.44361543,-1.68369496,0.24036543,-0.07883938,0.25,-0.24475576
93.7,8.20666198,-0.4694823,-1.69271897,0.25354553,-0.08392902,0.25,-0.24475576
93.8,8.20346662,-0.49578517,-1.6997238,0.26221201,-0.06162405,0.25,-0.24499678
93.9,8.20011448,-0.52203567,-1.70651783,0.26168515,-0.07506899,0.25,-0.24521614
94.0,8.19669008,-0.54754785,-1.71641216,0.24860427,-0.11020549,0.25,-0.24521614
94.1,8.19284877,-0.57284019,-1.72691753,0.24868422,-0.09923246,0.25,-0.24841704
94.2,8.18891684,-0.59777436,-1.73749504,0.25537648,-0.11659747,0.25,-0.24841704
94.3,8.18469802,-0.62254189,-1.75145899,0.24793836,-0.13223798,0.25,-0.2472951
94.4,8.18012074,-0.64718227,-1.76219372,0.24411981,-0.09479983,0.25,-0.24356011
94.5,8.17524998,-0.67190716,-1.77049795,0.26491072,-0.0739323,0.25,-0.24356011
94.6,8.17193473,-0.68849035,-1.7755472,0.24420915,-0.08546067,0.25,-0.24002615
94.7,8.16663637,-0.71344878,-1.78553602,0.24242715,-0.09735892,0.25,-0.24002615
94.8,8.16110126,-0.73860612,-1.79584409,0.25135422,-0.10409009,0.25,-0.23934668
94.9,8.15524766,-0.76398102,-1.80618433,0.24661849,-0.10381044,0.25,-0.23721148
95.0,8.14923841,-0.78906557,-1.81762884,0.24207387,-0.13318249,0.25,-0.23721148
95.1,8.14318429,-0.81374747,-1.82966435,0.25683399,-0.11179332,0.25,-0.22580218
95.2,8.13670028,-0.83839494,-1.84030108,0.25349048,-0.09482132,0.25,-0.22580218
95.3,8.12988981,-0.86291239,-1.84874549,0.25328324,-0.07821951,0.25,-0.22590589
95.4,8.12280996,-0.88731735,-1.8576294,0.25074599,-0.10244464,0.25,-0.22363967
95.5,8.11562892,-0.91147845,-1.86776648,0.23864128,-0.09626265,0.25,-0.22363967
95.6,8.10811794,-0.93586156,-1.87807316,0.23706106,-0.0887196,0.25,-0.22189071
95.7,8.10032955,-0.96023378,-1.8863865,0.2632865,-0.08606244,0.25,-0.22185776
95.8,8.09229982,-0.98457027,-1.89414647,0.26378387,-0.07048325,0.25,-0.22185776
95.9,8.08419878,-1.00861339,-1.90252816,0.25983091,-0.09696232,0.25,-0.22336881
96.0,8.07583931,-1.03263769,-1.91335128,0.25159004,-0.10874368,0.25,-0.22336881
96.1,8.06728819,-1.05632608,-1.92272598,0.23979797,-0.07491479,0.25,-0.22382765
96.2,8.05869925,-1.08009948,-1.93230122,0.25106531,-0.10495166,0.25,-0.22382765
96.3,8.05286959,-1.09600797,-1.93965797,0.25044756,-0.10486641,0.25,-0.22026453
96.4,8.04405065,-1.11972573,-1.95056771,0.2488605,-0.10649644,0.25,-0.21482411
96.5,8.03492079,-1.14334406,-1.96118288,0.2468987,-0.08909319,0.25,-0.21482411
96.6,8.02508517,-1.16769247,-1.96824577,0.26353079,-0.06764186,0.25,-0.20993264
96.7,8.0149921,-1.19218905,-1.97444324,0.26086639,-0.06226109,0.25,-0.20993264
96.8,8.00479501,-1.21594181,-1.98211594,0.25229662,-0.09098816,0.25,-0.21031327
96.9,7.99492528,-1.23924789,-1.99244468,0.2489094,-0.10573838,0.25,-0.21126199
97.0,7.98477562,-1.26246403,-2.00339268,0.24545039,-0.1122486,0.25,-0.21126199
97.1,7.97406469,-1.28549027,-2.01436935,0.25648689,-0.10055587,0.25,-0.2036357
97.2,7.96319811,-1.30810137,-2.02419581,0.2421682,-0.08079132,0.25,-0.2036357
97.3,7.95211465,-1.33045013,-2.0313983,0.24456757,-0.0636249,0.25,-0.19899801
97.4,7.94080415,-1.35320349,-2.03987267,0.24852823,-0.0937491,0.25,-0.19899801
97.5,7.92962551,-1.37593845,-2.04949073,0.24437233,-0.0910794,0.25,-0.19314427
97.6,7.91800072,-1.39853478,-2.05860498,0.25468165,-0.08115438,0.25,-0.19018522
97.7,7.90589426,-1.42171267,-2.0653984,0.25704525,-0.06193939,0.25,-0.19018522
97.8,7.89358161,-1.44489569,-2.0720326,0.2603675,-0.06429437,0.25,-0.18853747
97.9,7.88526836,-1.46019416,-2.07635669,0.24672732,-0.06521348,0.25,-0.18853747
98.0,7.87284884,-1.48254721,-2.08539421,0.24755646,-0.0935094,0.25,-0.18908805
98.1,7.86040109,-1.50472832,-2.09493917,0.24752861,-0.09394885,0.25,-0.1795387
98.2,7.84782852,-1.52662158,-2.10371923,0.25013421,-0.06890323,0.25,-0.1795387
98.3,7.83504668,-1.54804845,-2.11061223,0.24320877,-0.0699684,0.25,-0.17414048
98.4,7.82204565,-1.56940137,-2.11689259,0.24590416,-0.06297952,0.25,-0.17414048
98.5,7.80887222,-1.59089874,-2.12348977,0.24679742,-0.07104458,0.25,-0.1745607
98.6,7.79564148,-1.61256101,-2.13142351,0.24931159,-0.08057097,0.25,-0.17669385
98.7,7.78212912,-1.63413385,-2.13964548,0.25661845,-0.08083527,0.25,-0.17669385
98.8,7.76808651,-1.6559208,-2.14710161,0.25498263,-0.06230965,0.25,-0.17451661
98.9,7.75391339,-1.67784534,-2.15367663,0.25245262,-0.06352171,0.25,-0.17451661
99.0,7.73964586,-1.69971928,-2.16012152,0.25696221,-0.06439858,0.25,-0.17575302
99.1,7.72538006,-1.72103763,-2.16753585,0.24053778,-0.07648815,0.25,-0.17845156
99.2,7.71108715,-1.7420885,-2.17573919,0.25101456,-0.08264709,0.25,-0.17845156
99.3,7.6967361,-1.76281441,-2.18379072,0.25382485,-0.07883288,0.25,-0.17869407
99.4,7.6822525,-1.7833402,-2.19112982,0.25823717,-0.0637404,0.25,-0.17869407
99.5,7.66761305,-1.8037129,-2.19912977,0.24279179,-0.08028584,0.25,-0.1772686
99.6,7.65774081,-1.81726939,-2.20520209,0.24528162,-0.08053422,0.25,-0.1772686
99.7,7.64270707,-1.83769605,-2.21292081,0.24554667,-0.07462211,0.25,-0.17499497
99.8,7.6273842,-1.85828905,-2.22024604,0.24923758,-0.07398751,0.25,-0.17448493
99.9,7.61170737,-1.87886351,-2.22711047,0.25636544,-0.07414037,0.25,-0.17448493
100.0,7.59579653,-1.8993157,-2.23459654,0.25885,-0.07867614,0.25,-0.17306651
100.1,7.57965062,-1.91959601,-2.24253447,0.25262866,-0.0760745,0.25,-0.17306651
100.2,7.56354505,-1.93994955,-2.24958315,0.2532734,-0.06726222,0.25,-0.1734725
100.3,7.54749963,-1.95973107,-2.25640864,0.24698973,-0.067314,0.25,-0.1734725
100.4,7.53131042,-1.97930103,-2.26322186,0.2410452,-0.07021375,0.25,-0.17275159
100.5,7.51533828,-1.99869243,-2.27066441,0.24822492,-0.07604869,0.25,-0.17275159
100.6,7.49923782,-2.01794593,-2.27842334,0.24603812,-0.0774909,0.25,-0.17357227
100.7,7.4829856,-2.03704924,-2.28587316,0.2420489,-0.07479313,0.25,-0.1717515
100.8,7.46629035,-2.0562012,-2.29329903,0.25545657,-0.07034787,0.25,-0.1717515
100.9,7.4493568,-2.0755025,-2.30075212,0.24774793,-0.07419565,0.25,-0.1710784
101.0,7.43219427,-2.09472039,-2.30789779,0.25813117,-0.06626131,0.25,-0.16735892
101.1,7.41467386,-2.11375047,-2.31508825,0.25444706,-0.06378064,0.25,-0.16735892
101.2,7.402958,-2.12642294,-2.31924097,0.26014638,-0.06359717,0.25,-0.16735892
101.3,7.38524085,-2.1453068,-2.32624129,0.25260685,-0.06453118,0.25,-0.16002444
101.4,7.36769081,-2.16388729,-2.3326715,0.24709633,-0.06282234,0.25,-0.1643301
101.5,7.35003845,-2.18226155,-2.33927117,0.24669392,-0.06691593,0.25,-0.1643301
101.6,7.33235216,-2.20048145,-2.3459729,0.24351886,-0.06953476,0.25,-0.16768084
101.7,7.32068896,-2.21249041,-2.350779,0.24046871,-0.06642806,0.25,-0.16768084
101.8,7.29728124,-2.23633123,-2.36047199,0.24446331,-0.07498843,0.25,-0.17125337
101.9,7.27937036,-2.25406253,-2.3678685,0.24788089,-0.07614046,0.25,-0.1733227
102.0,7.26106806,-2.27201563,-2.37572531,0.25240082,-0.07741603,0.25,-0.1733227
102.1,7.24261057,-2.28991696,-2.38346192,0.25498464,-0.07322026,0.25,-0.1739989
102.2,7.22373236,-2.30765054,-2.3907357,0.25012902,-0.07113184,0.25,-0.1739989
102.3,7.20456859,-2.32515755,-2.3980246,0.25384954,-0.07035675,0.25,-0.1727606
102.4,7.18552274,-2.34251934,-2.40536254,0.25409631,-0.07211825,0.25,-0.17455571
102.5,7.16657441,-2.35963956,-2.41266293,0.24888191,-0.07021308,0.25,-0.17455571
102.6,7.14750367,-2.37664591,-2.41998856,0.24603466,-0.07153065,0.25,-0.17470433
102.7,7.12831799,-2.39343236,-2.42728324,0.2441575,-0.06876443,0.25,-0.17470433
102.8,7.10935716,-2.40996226,-2.43462741,0.24373868,-0.06993935,0.25,-0.17460547
102.9,7.09675893,-2.42090843,-2.43943813,0.24425779,-0.0706918,0.25,-0.17493358
103.0,7.07756629,-2.43715904,-2.4464974,0.25357686,-0.06590562,0.25,-0.17493358
103.1,7.0579723,-2.45346884,-2.45380274,0.25421134,-0.0769665,0.25,-0.17512373
103.2,7.03826922,-2.46973217,-2.461531,0.2485904,-0.08207837,0.25,-0.17512373
103.3,7.0183346,-2.48592755,-2.46967528,0.25182501,-0.0828549,0.25,-0.17657105
103.4,6.99800854,-2.50195169,-2.47599155,0.25602578,-0.06626145,0.25,-0.17657105
103.5,6.97762415,-2.51778982,-2.48313694,0.25447845,-0.07002201,0.25,-0.17497612
103.6,6.95743545,-2.53337253,-2.49012811,0.25110676,-0.06838344,0.25,-0.17587794
103.7,6.93708101,-2.54885038,-2.49762336,0.25293401,-0.07427728,0.25,-0.17587794
103.8,6.91662609,-2.56423294,-2.50518598,0.24765375,-0.07214309,0.25,-0.1771062
103.9,6.89618997,-2.57924758,-2.51277155,0.25779106,-0.06693001,0.25,-0.1771062
104.0,6.87593774,-2.5940417,-2.51986253,0.24708374,-0.06761617,0.25,-0.17544217
104.1,6.85519819,-2.60877579,-2.52710114,0.24393738,-0.07179021,0.25,-0.17257831
104.2,6.83435364,-2.62340914,-2.53427498,0.25078647,-0.07039147,0.25,-0.17257831
104.3,6.81344354,-2.63791523,-2.54185424,0.24601896,-0.07889026,0.25,-0.16789491
104.4,6.79936305,-2.64751511,-2.54677249,0.24253437,-0.0665297,0.25,-0.16789491
104.5,6.77822109,-2.66188825,-2.55446365,0.25242198,-0.07241848,0.25,-0.17098052
104.6,6.75721767,-2.67577198,-2.56203063,0.24483632,-0.0708534,0.25,-0.17217431
104.7,6.73599848,-2.68964187,-2.56922102,0.24884794,-0.06199908,0.25,-0.17217431
104.8,6.71456166,-2.7033916,-2.57547477,0.2490474,-0.06108197,0.25,-0.16778106
104.9,6.69297787,-2.71701781,-2.58160159,0.25477648,-0.05482901,0.25,-0.16778106
105.0,6.67131725,-2.73057379,-2.58812696,0.25479497,-0.07545121,0.25,-0.17011967
105.1,6.64933268,-2.74417548,-2.59574688,0.25293151,-0.07500701,0.25,-0.17495898
105.2,6.62721402,-2.7575247,-2.60364697,0.25896531,-0.08540234,0.25,-0.17495898
105.3,6.60518433,-2.77057609,-2.61025231,0.26133733,-0.05423487,0.25,-0.1741823
105.4,6.58322623,-2.78344447,-2.61686956,0.24661748,-0.06579601,0.25,-0.1741823
105.5,6.56125173,-2.79616629,-2.62356113,0.25098084,-0.06575999,0.25,-0.1769405
105.6,6.53929579,-2.80869048,-2.63107029,0.24560068,-0.07526385,0.25,-0.17711189
105.7,6.51727262,-2.82096748,-2.63915523,0.24932219,-0.08032195,0.25,-0.17711189
105.8,6.49512504,-2.83311287,-2.647109,0.24801579,-0.06725328,0.25,-0.17910803
105.9,6.47268807,-2.84520008,-2.65349141,0.24808241,-0.06160146,0.25,-0.17910803
106.0,6.45008651,-2.85708064,-2.65949323,0.25448984,-0.06109328,0.25,-0.17922068
106.1,6.42739645,-2.86889338,-2.66556967,0.2601537,-0.06403336,0.25,-0.18193709
106.2,6.41210275,-2.8769075,-2.6708138,0.25267457,-0.08172892,0.25,-0.18193709
106.3,6.38904985,-2.8887461,-2.67929406,0.24537007,-0.08055749,0.25,-0.1839861
106.4,6.36595503,-2.90011686,-2.68862224,0.24246099,-0.10605063,0.25,-0.1839861
106.5,6.34286137,-2.91127389,-2.69854503,0.24313517,-0.07725246,0.25,-0.18740959
106.6,6.31986154,-2.92216662,-2.70548095,0.2390205,-0.0613163,0.25,-0.1732582
106.7,6.29696416,-2.93281417,-2.71169793,0.2510343,-0.06756439,0.25,-0.1732582
106.8,6.27407729,-2.9432069,-2.71911374,0.24569926,-0.07560073,0.25,-0.17498495
106.9,6.25103988,-2.95348306,-2.72727351,0.25217841,-0.08589817,0.25,-0.17498495
107.0,6.22775197,-2.96361016,-2.73577912,0.25039554,-0.05860158,0.25,-0.17571789
107.1,6.20426054,-2.97363663,-2.74172887,0.24685951,-0.05581782,0.25,-0.17571789
107.2,6.18072759,-2.98351129,-2.74753282,0.24213416,-0.05655941,0.25,-0.17415757
107.3,6.15686602,-2.99352349,-2.75416508,0.25787715,-0.06806763,0.25,-0.16844977
107.4,6.13289642,-3.00336085,-2.76061135,0.25416876,-0.0673442,0.25,-0.16844977
107.5,6.10882602,-3.01319915,-2.76736343,0.25754302,-0.06063299,0.25,-0.17217016
107.6,6.08502872,-3.02250133,-2.7748385,0.2489356,-0.05424864,0.25,-0.17217016
107.7,6.06144026,-3.03161825,-2.78028853,0.24916092,-0.05400436,0.25,-0.17596972
107.8,6.04572335,-3.03761157,-2.78415209,0.25025243,-0.05945604,0.25,-0.17596972
107.9,6.0222253,-3.04637894,-2.79083589,0.25519819,-0.0742456,0.25,-0.18454765
108.0,5.99859472,-3.05491129,-2.79979693,0.24115184,-0.10593079,0.25,-0.19010276
108.1,5.97481455,-3.0633411,-2.80941272,0.24785447,-0.08408529,0.25,-0.19010276
108.2,5.95079867,-3.07160561,-2.81687977,0.24498924,-0.0645234,0.25,-0.18906724
108.3,5.92662722,-3.07968689,-2.82279019,0.2475885,-0.05635283,0.25,-0.18906724
108.4,5.90175024,-3.08771517,-2.82812173,0.25030024,-0.05213665,0.25,-0.18985692
108.5,5.87682092,-3.09567381,-2.83368905,0.24495826,-0.06561406,0.25,-0.19583023
108.6,5.85208498,-3.10356123,-2.84172981,0.24394517,-0.08280192,0.25,-0.19583023
108.7,5.82741855,-3.11119594,-2.85045577,0.24349926,-0.10540928,0.25,-0.19766785
108.8,5.80302803,-3.11844558,-2.85809436,0.25255215,-0.07075359,0.25,-0.19766785
108.9,5.7787413,-3.12544968,-2.86588406,0.23918637,-0.06521658,0.25,-0.20064049
109.0,5.75484842,-3.13227556,-2.87157496,0.24694557,-0.05531684,0.25,-0.20499744
109.1,5.73111677,-3.13896184,-2.87711438,0.2403334,-0.05499994,0.25,-0.20499744
109.2,5.70720619,-3.14546081,-2.88353947,0.24118759,-0.07444708,0.25,-0.20951099
109.3,5.68268212,-3.15199094,-2.89214544,0.2573831,-0.08218553,0.25,-0.20951099
109.4,5.65789081,-3.15824142,-2.90070085,0.24573414,-0.09025058,0.25,-0.21060316
109.5,5.64101649,-3.16232779,-2.90579285,0.26195619,-0.05596759,0.25,-0.21330927
109.6,5.61529422,-3.16831921,-2.91111903,0.25536172,-0.05144542,0.25,-0.21330927
109.7,5.58956918,-3.17416014,-2.91649648,0.25000706,-0.06033748,0.25,-0.20975558
109.8,5.56377005,-3.17991515,-2.92162796,0.26257959,-0.05860181,0.25,-0.20975558
109.9,5.53882613,-3.1855235,-2.93006407,0.2521911,-0.0875416,0.25,-0.21082655
110.0,5.51397044,-3.19080505,-2.93995182,0.24616494,-0.11050627,0.25,-0.21313547
110.1,5.48926049,-3.19579747,-2.95219094,0.24641217,-0.09145889,0.25,-0.21313547
110.2,5.46487192,-3.20051613,-2.95832225,0.23746841,-0.05116112,0.25,-0.21277038
110.3,5.44074286,-3.20508628,-2.96319953,0.25094945,-0.04925964,0.25,-0.21277038
110.4,5.41605865,-3.20946992,-2.96929751,0.24366974,-0.07527686,0.25,-0.20866766
110.5,5.39076854,-3.21382856,-2.97709018,0.24867522,-0.0853368,0.25,-0.20986195
110.6,5.36522701,-3.21790261,-2.98547033,0.24606272,-0.08396423,0.25,-0.20986195
110.7,5.33956664,-3.22182479,-2.99512815,0.26181663,-0.07986295,0.25,-0.20943779
110.8,5.31353013,-3.22561528,-3.00059871,0.26361125,-0.05113445,0.25,-0.20943779
110.9,5.2876045,-3.22921029,-3.00542393,0.25392138,-0.06513123,0.25,-0.19509693
111.0,5.26224537,-3.2326985,-3.01352303,0.25466592,-0.08545627,0.25,-0.18568718
111.1,5.24538598,-3.23487369,-3.01902699,0.24334521,-0.07703786,0.25,-0.18568718
111.2,5.22026622,-3.23794641,-3.02793606,0.24737864,-0.08715991,0.25,-0.1721668
111.3,5.19527615,-3.24074199,-3.03497145,0.2458126,-0.04758738,0.25,-0.1721668
111.4,5.17039885,-3.24339406,-3.03918845,0.24179032,-0.03968647,0.25,-0.15379206
111.5,5.14539138,-3.24596164,-3.04314106,0.25157391,-0.0399627,0.25,-0.15379206
111.6,5.11998523,-3.2484128,-3.04790768,0.25077092,-0.05091124,0.25,-0.14990944
111.7,5.09452257,-3.25079718,-3.05351165,0.24333877,-0.05938161,0.25,-0.14307878
111.8,5.06883078,-3.25306359,-3.05865828,0.24612872,-0.04442227,0.25,-0.14307878
111.9,5.04294872,-3.25515307,-3.0620849,0.25503664,-0.02817846,0.25,-0.13150289
112.0,5.01722606,-3.25719906,-3.06526218,0.25284988,-0.03297869,0.25,-0.13150289
112.1,4.99175617,-3.25916062,-3.06947149,0.25411887,-0.04585723,0.25,-0.12867902
112.2,4.96628095,-3.26096382,-3.07466683,0.24992014,-0.05397655,0.25,-0.12274187
112.3,4.94085467,-3.26262621,-3.0795459,0.24799768,-0.04220084,0.25,-0.12274187
112.4,4.91553608,-3.26415366,-3.0839544,0.25384325,-0.035669,0.25,-0.11191557
112.5,4.89025935,-3.265555,-3.08703762,0.24832567,-0.02708884,0.25,-0.11191557
112.6,4.86494742,-3.26690119,-3.08937736,0.25536738,-0.02254269,0.25,-0.10668975
112.7,4.83945765,-3.26821023,-3.09205749,0.25091261,-0.03065364,0.25,-0.10002351
112.8,4.82246393,-3.26904723,-3.094034,0.24628975,-0.03170851,0.25,-0.10002351
112.9,4.79696392,-3.27023018,-3.09749129,0.25723302,-0.0284282,0.25,-0.09524941
113.0,4.77127613,-3.27134601,-3.1002197,0.24928149,-0.01868308,0.25,-0.09524941
113.1,4.74559303,-3.27240865,-3.10247163,0.25544584,-0.02352603,0.25,-0.0917145
113.2,4.72000887,-3.27337973,-3.10492312,0.24767142,-0.02672828,0.25,-0.08571677
113.3,4.69454467,-3.27428756,-3.10782262,0.25045344,-0.03115206,0.25,-0.08571677
113.4,4.66899162,-3.27520672,-3.11058448,0.25265213,-0.02879951,0.25,-0.08052916
113.5,4.64354012,-3.27595236,-3.11336534,0.25200667,-0.02655937,0.25,-0.08052916
113.6,4.61821233,-3.27664772,-3.11531701,0.24620594,-0.01744455,0.25,-0.07625072
113.7,4.59282076,-3.277306,-3.11710648,0.2531864,-0.01585939,0.25,-0.0719932
113.8,4.56733812,-3.27792769,-3.11860734,0.24692918,-0.0163505,0.25,-0.0719932
113.9,4.54185111,-3.27850761,-3.12067528,0.25169048,-0.01851804,0.25,-0.0659327
114.0,4.51634769,-3.27901246,-3.12294692,0.24988055,-0.02185839,0.25,-0.0659327
114.1,4.4908227,-3.27946929,-3.12475537,0.25148433,-0.01504415,0.25,-0.06476027
114.2,4.46534272,-3.27990945,-3.1265907,0.2503931,-0.01992694,0.25,-0.06037615
114.3,4.43987281,-3.2802666,-3.1283111,0.24697585,-0.01593752,0.25,-0.06037615
114.4,4.4228612,-3.28048912,-3.12943827,0.24899657,-0.01863752,0.25,-0.05504567
114.5,4.39734931,-3.28079617,-3.13090136,0.2497765,-0.02112614,0.25,-0.05504567
114.6,4.37185785,-3.2810589,-3.13287811,0.25039422,-0.01701949,0.25,-0.05355182
114.7,4.34641025,-3.2812653,-3.13438988,0.24862703,-0.01131612,0.25,-0.04846055
114.8,4.32094983,-3.28142369,-3.13552555,0.25070614,-0.00958496,0.25,-0.04846055
114.9,4.29542638,-3.28157514,-3.1364859,0.24894985,-0.00921266,0.25,-0.04549475
115.0,4.26991988,-3.28170696,-3.13738755,0.25232923,-0.00950922,0.25,-0.04549475
115.1,4.24440756,-3.28181556,-3.13846432,0.25279467,-0.01309691,0.25,-0.04392818
115.2,4.21889632,-3.28188576,-3.13978768,0.25145631,-0.01426208,0.25,-0.04027357
115.3,4.19343039,-3.28193138,-3.1410024,0.24977733,-0.01155349,0.25,-0.04027357
115.4,4.16797838,-3.28195019,3.14103119,0.25111604,-0.00744392,0.25,-0.03710851
115.5,4.14246885,-3.28191885,3.14013696,0.24783602,-0.00896971,0.25,-0.03710851
115.6,4.11695087,-3.28186867,3.13911273,0.25058271,-0.00870177,0.25,-0.03601932
115.7,4.09144624,-3.28179148,3.13797762,0.25050176,-0.01182198,0.25,-0.03601932
115.8,4.06596545,-3.28168635,3.1370368,0.24995417,-0.0064286,0.25,-0.03255162
115.9,4.0404549,-3.28155863,3.1362685,0.25151521,-0.0105334,0.25,-0.02781608
116.0,4.0149216,-3.28141856,3.13559433,0.25169371,-0.0047261,0.25,-0.02781608
116.1,3.9979016,-3.28131366,3.13525334,0.25168876,-0.0047376,0.25,-0.0249006
116.2,3.97238813,-3.28114691,3.13469634,0.2490409,-0.0094441,0.25,-0.0249006
116.3,3.94687619,-3.28096703,3.13400685,0.2507189,-0.00672483,0.25,-0.02427262
116.4,3.9213851,-3.28077274,3.13337164,0.24875775,-0.00596405,0.25,-0.02313144
116.5,3.89592281,-3.28056789,3.1326361,0.24943247,-0.00615286,0.25,-0.02313144
116.6,3.8704214,-3.28033478,3.13216046,0.24991187,-0.00612803,0.25,-0.02051157
116.7,3.84491017,-3.28009505,3.13182533,0.25010139,-0.0017788,0.25,-0.02051157
116.8,3.81940669,-3.27984703,3.13137673,0.24940216,-0.00575825,0.25,-0.01940892
116.9,3.7939058,-3.27958169,3.13065063,0.24896447,-0.00548535,0.25,-0.01940892
117.0,3.76838809,-3.27930222,3.13018074,0.24953581,-0.00571497,0.25,-0.01739944
117.1,3.74285947,-3.27900692,3.12971233,0.25016646,-0.00273173,0.25,-0.01464581
117.2,3.71734436,-3.27870096,3.12953904,0.2495826,-0.00207674,0.25,-0.01464581
117.3,3.69183683,-3.27838908,3.12930177,0.24974894,-0.00164349,0.25,-0.01283578
117.4,3.66633639,-3.27807343,3.12893292,0.25036865,-0.00446813,0.25,-0.01074189
117.5,3.64084012,-3.27774796,3.12856368,0.24964296,-0.00286621,0.25,-0.01074189
117.6,3.6153525,-3.27741421,3.12825622,0.24939732,-0.00212696,0.25,-0.00993725
117.7,3.59835359,-3.27718806,3.12811456,0.25069573,-0.0012128,0.25,-0.00993725
117.8,3.57285214,-3.27684429,3.12801508,0.24957625,-0.00166096,0.25,-0.00897459
117.9,3.54734572,-3.27649656,3.12782039,0.25066195,-0.00193502,0.25,-0.00897459
118.0,3.52184243,-3.27614738,3.12750079,0.25032948,-0.00339638,0.25,-0.00757429
118.1,3.49634116,-3.27578176,3.12722491,0.24953401,-0.00237963,0.25,-0.00667728
118.2,3.4708274,-3.27541464,3.12701367,0.25054126,-0.00203601,0.25,-0.00667728
118.3,3.44531814,-3.27504024,3.12697377,0.25008864,-0.0001636,0.25,-0.00524538
118.4,3.41980741,-3.2746677,3.12703176,0.25042581,-0.00092675,0.25,-0.00524538
118.5,3.39430163,-3.27429615,3.12696032,0.25021436,-0.00099902,0.25,-0.00317223
118.6,3.36879813,-3.27392254,3.12680666,0.24975961,-0.00154846,0.25,-0.00265216
118.7,3.34330321,-3.27354263,3.12660659,0.2499993,-0.00114284,0.25,-0.00265216
118.8,3.31780549,-3.27315797,3.12647287,0.25014121,6.102e-05,0.25,-0.00195047
118.9,3.29230091,-3.27277153,3.1266572,0.24974595,0.00350886,0.25,-0.00130342
119.0,3.26679583,-3.27239199,3.12679498,0.25004756,-0.00044114,0.25,-0.00130342
119.1,3.24129141,-3.27201484,3.12669378,0.25011899,-0.00058068,0.25,-0.00019972
119.2,3.21578878,-3.27163156,3.12657562,0.25037004,0.00016108,0.25,-0.00019972
119.3,3.19028154,-3.27124893,3.12649362,0.25000537,-0.0012452,0.25,-0.00018153
119.4,3.17327793,-3.27099226,3.12649382,0.25019407,0.0008532,0.25,0.0028413
119.5,3.14777355,-3.27061143,3.12662355,0.25006587,0.00098905,0.25,0.0028413
119.6,3.12226803,-3.2702315,3.1267548,0.25013352,0.00131919,0.25,0.00281431
119.7,3.09676367,-3.26985276,3.12676078,0.25018309,-7.935e-05,0.25,0.00281431
119.8,3.07126129,-3.26947472,3.12676761,0.24996306,-0.00022429,0.25,0.0023954
119.9,3.04575562,-3.26909608,3.12674859,0.25009289,-0.00017913,0.25,0.00258839
120.0,3.02024864,-3.26871977,3.1269334,0.25026444,0.00237207,0.25,0.00258839
120.1,2.99474261,-3.2683467,3.12709388,0.2500717,0.00376197,0.25,0.00448891
120.2,2.9692407,-3.26797934,3.1272556,0.24968245,-0.00032828,0.25,0.00448891
120.3,2.94373484,-3.26761118,3.12715971,0.24990081,-0.00037741,0.25,0.0042819
120.4,2.91823164,-3.26724422,3.1272217,0.25023409,0.00088972,0.25,0.00490972
120.5,2.89272965,-3.26687896,3.12729963,0.24986096,0.00162094,0.25,0.00490972
120.6,2.8672295,-3.26651859,3.12746284,0.24995004,0.00139203,0.25,0.00630672
120.7,2.84173117,-3.2661612,3.12762166,0.24961028,0.00113137,0.25,0.00630672
120.8,2.81622761,-3.26580591,3.12771549,0.24993336,0.00024636,0.25,0.00578614
120.9,2.79072395,-3.26545071,3.12777144,0.2500259,0.00056508,0.25,0.00645662
121.0,2.77371881,-3.26521337,3.12783929,0.25052391,0.00092393,0.25,0.00645662
121.1,2.74820766,-3.26486181,3.12803781,0.25013765,0.00224092,0.25,0.00693788
121.2,2.72270043,-3.26451685,3.12828361,0.25011517,0.00199107,0.25,0.00693788
121.3,2.69719426,-3.26417914,3.12856317,0.25042021,0.00247342,0.25,0.0070621
121.4,2.67168759,-3.26384588,3.12863401,0.25004261,0.00013694,0.25,0.00682917
121.5,2.64618321,-3.26351559,3.12870731,0.25019074,0.00106907,0.25,0.00682917
121.6,2.6206826,-3.26319234,3.12881033,0.25066811,0.00081786,0.25,0.00804667
121.7,2.59518198,-3.26287011,3.12916667,0.24961994,0.00379512,0.25,0.00804667
121.8,2.56968105,-3.26255964,3.12938895,0.24941414,0.00223869,0.25,0.00916618
121.9,2.54417601,-3.26225051,3.12956565,0.25017949,0.00113042,0.25,0.00794979
122.0,2.51866799,-3.26194383,3.12971812,0.25069341,0.00129858,0.25,0.00794979
122.1,2.49315833,-3.26163646,3.12987876,0.24990467,0.00171273,0.25,0.00977516
122.2,2.46763915,-3.26133854,3.13009646,0.25030173,0.0046064,0.25,0.00977516
122.3,2.44213383,-3.26104634,3.13041416,0.24979179,0.00391219,0.25,0.00881864
122.4,2.41662344,-3.26076668,3.13085324,0.24970478,0.00234528,0.25,0.00891416
122.5,2.39111388,-3.26049813,3.13093176,0.25065339,0.00118956,0.25,0.00891416
122.6,2.36560813,-3.26022956,3.13106873,0.24983908,0.00124106,0.25,0.00874607
122.7,2.34860744,-3.26005348,3.1312075,0.25012607,0.00170804,0.25,0.00874607
122.8,2.32310809,-3.2597901,3.13139977,0.24956322,0.0029693,0.25,0.00867982
122.9,2.29761149,-3.25953843,3.13164028,0.24961767,0.00184018,0.25,0.0094756
123.0,2.27210765,-3.25928817,3.13187788,0.25023987,0.00140215,0.25,0.0094756
123.1,2.2466043,-3.25904085,3.13195417,0.24982441,0.00115961,0.25,0.00886357
123.2,2.22109788,-3.25879099,3.13212308,0.25005013,0.00200847,0.25,0.00886357
123.3,2.20408396,-3.25863095,3.13221328,0.25025089,0.00108854,0.25,0.00875591
