x,y,yaw,v,w,v_cmd,w_cmd
0.56184375,0.99342966,0.5006313,0.5166335,0.95667267,0.0,0.9534049
0.5642786,0.9934497,0.5006185,0.51020575,0.9563288,0.0,0.9534049
0.5667138,0.9934691,0.5006036,0.5154147,0.9518123,0.0,0.94734055
0.56914985,0.993488,0.5005773,0.5125456,0.95011276,0.0,0.94734055
0.57158566,0.99350643,0.5005515,0.5207381,0.95266926,0.0,0.9513723
0.5740206,0.9935241,0.5005312,0.50364685,0.95408577,0.0,0.9513723
0.5764543,0.99354064,0.5005052,0.51105356,0.9476721,0.0,0.94426364
0.5788878,0.9935559,0.5004785,0.48938894,0.9525163,0.0,0.9444918
0.5805104,0.99356586,0.50046104,0.5152745,0.9504735,0.0,0.9444918
0.58294404,0.99358034,0.50043064,0.5098882,0.94828004,0.0,0.94167227
0.5853777,0.9935938,0.50039935,0.5200858,0.94552237,0.0,0.94167227
0.58781064,0.99360645,0.5003634,0.50739765,0.93954426,0.0,0.9376909
0.59024656,0.9936192,0.50033194,0.5044832,0.947615,0.0,0.9376909
0.59268296,0.99363095,0.5003037,0.51399136,0.9443576,0.0,0.9346002
0.5951191,0.99364114,0.5002615,0.50792027,0.9482213,0.0,0.9280631
0.5975562,0.9936505,0.50020087,0.5276427,0.94224906,0.0,0.9280631
0.59999394,0.9936579,0.50014704,0.53356886,0.9396522,0.0,0.9130958
0.6024293,0.99366295,0.5000674,0.53068686,0.9372787,0.0,0.9130958
0.60486174,0.99366415,0.4999954,0.5046787,0.9366573,0.0,0.9101283
0.60729396,0.99366426,0.4999227,0.48828173,0.9293646,0.0,0.86322725
0.6097229,0.9936621,0.49978572,0.56879044,0.912353,0.0,0.86322725
0.61214936,0.9936542,0.49963027,0.4921155,0.9005719,0.0,0.8518707
0.614576,0.9936449,0.49946648,0.4458437,0.90007496,0.0,0.86102426
0.61701494,0.99363184,0.49933213,0.57671404,0.92077976,0.0,0.86102426
0.6194553,0.9936148,0.4991904,0.54904604,0.90771574,0.0,0.8694407
0.62108314,0.9936011,0.4991155,0.48660278,0.9140933,0.0,0.8694407
0.62352526,0.9935756,0.49898514,0.54858637,0.9225853,0.0,0.8669725
0.6259668,0.9935473,0.49886012,0.559783,0.9066482,0.0,0.8669725
0.6284074,0.993515,0.49872813,0.4730916,0.89934295,0.0,0.8540327
0.63083774,0.9934771,0.49859035,0.45435667,0.90508085,0.0,0.8244079
0.6332643,0.9934355,0.49841166,0.48228216,0.8858077,0.0,0.8244079
0.6356907,0.9933876,0.4982512,0.4710493,0.8925093,0.0,0.8470985
0.6381183,0.99333745,0.4980861,0.5055976,0.9033276,0.0,0.8470985
0.6405437,0.9932833,0.4979186,0.5323696,0.8870207,0.0,0.8454345
0.6429759,0.9932251,0.49775186,0.567544,0.876124,0.0,0.8439817
0.64541924,0.99316144,0.49761403,0.5903344,0.92224205,0.0,0.8439817
0.64786243,0.9930941,0.49747247,0.5716028,0.89488345,0.0,0.8370589
0.65030634,0.99302185,0.49730742,0.5827303,0.91586715,0.0,0.92468053
0.652742,0.9929452,0.49725592,0.4915347,0.9370808,0.0,0.92468053
0.65517753,0.9928675,0.49719805,0.5232105,0.9474457,0.0,0.80902815
0.65760505,0.99278724,0.49701732,0.3987069,0.8847239,0.0,0.82687086
0.6592235,0.9927298,0.49689117,0.440722,0.89676565,0.0,0.82687086
0.66164935,0.9926386,0.49672788,0.42900562,0.9042312,0.0,0.82687086
0.66407526,0.9925437,0.49655515,0.42148542,0.9071917,0.0,0.8272793
0.6665,0.9924418,0.49635366,0.46544123,0.8677086,0.0,0.82581156
0.6689277,0.99233717,0.49615422,0.57022476,0.88622177,0.0,0.82581156
0.67136693,0.9922286,0.49596772,0.46492243,0.88477653,0.0,0.8277225
0.67380965,0.9921138,0.49578187,0.5237756,0.90598744,0.0,0.8277225
0.6762554,0.9919949,0.4956035,0.60760117,0.89303726,0.0,0.7948177
0.6787021,0.9918672,0.495364,0.46043968,0.8698335,0.0,0.7886603
0.68114674,0.9917346,0.49512127,0.49147415,0.8680804,0.0,0.7886603
0.6835803,0.99159336,0.4948519,0.46219015,0.87543106,0.0,0.78697544
0.68600106,0.9914454,0.4946128,0.5143781,0.8682076,0.0,0.78697544
0.6884243,0.99128926,0.4943468,0.3892169,0.8722659,0.0,0.780383
0.69084525,0.9911258,0.4941045,0.47954607,0.8693115,0.0,0.7804013
0.69326395,0.99095654,0.49381918,0.47427082,0.84713954,0.0,0.7727017
0.69568586,0.9907805,0.49354604,0.5595379,0.84313756,0.0,0.7727017
0.69730854,0.99065804,0.49333015,0.5947385,0.86017966,0.0,0.7727017
0.699758,0.9904655,0.49308094,0.6300998,0.8426488,0.0,0.7671121
0.7022059,0.9902667,0.49281925,0.569736,0.8572523,0.0,0.76269734
0.70465446,0.9900607,0.49252898,0.43493128,0.86903214,0.0,0.76269734
0.7071049,0.9898461,0.49223894,0.46554422,0.81551397,0.0,0.7343352
0.7095379,0.9896246,0.49185595,0.40894127,0.82349086,0.0,0.7222166
0.71196544,0.9893886,0.49143448,0.41167593,0.8424363,0.0,0.7222166
0.71438146,0.98913974,0.4910734,0.4474144,0.85241973,0.0,0.6903867
0.71678835,0.9888855,0.49075454,0.53880405,0.8087582,0.0,0.6903867
0.7191952,0.9886201,0.4904105,0.4219141,0.7958038,0.0,0.69077015
0.72160697,0.9883443,0.48997244,0.5917878,0.8364372,0.0,0.68229544
0.7240364,0.9880537,0.4895869,0.58743,0.7917316,0.0,0.68229544
0.7264843,0.9877489,0.48904824,0.35680056,0.81008494,0.0,0.6371021
0.7289399,0.9874296,0.48848638,0.66465807,0.7426631,0.0,0.6371021
0.73140156,0.9870924,0.48796615,0.3788371,0.8215295,0.0,0.6281915
0.7338623,0.98674387,0.48748368,0.41160917,0.7765099,0.0,0.6136558
0.7362848,0.986379,0.4868598,0.58845186,0.7253523,0.0,0.6103396
0.7379014,0.9861247,0.48640096,0.42168283,0.7289231,0.0,0.6103396
0.74031156,0.98573315,0.48581052,0.30553675,0.7828263,0.0,0.6062858
0.7427013,0.98533237,0.48535118,0.35353613,0.81378126,0.0,0.6062858
0.745093,0.98490924,0.4848793,0.6664376,0.73836344,0.0,0.550845
0.74748635,0.98447514,0.48418888,0.42684698,0.68783534,0.0,0.550845
0.74990463,0.98401606,0.4834843,0.34988546,0.7273021,0.0,0.5100479
0.7523261,0.98353696,0.48266178,0.36158705,0.58476377,0.0,0.5100479
0.7547889,0.9830286,0.4818845,0.6853337,0.7133408,0.0,0.50791407
0.7572447,0.98250425,0.48110136,0.76146317,0.7142428,0.0,0.5366572
0.7597022,0.9819542,0.48045036,0.63988876,0.68364596,0.0,0.5366572
0.7621092,0.98138094,0.4797174,0.48304415,0.66169316,0.0,0.52026737
0.76452,0.98078775,0.47886714,0.4327426,0.62029827,0.0,0.52026737
0.7669302,0.9801832,0.477961,0.5524769,0.66367257,0.0,0.52424246
0.76930755,0.9795599,0.47728077,0.61336565,0.7910599,0.0,0.508754
0.77167344,0.97891295,0.4766753,0.49283886,0.74354184,0.0,0.48227406
0.7740541,0.9782485,0.47592974,0.7611337,0.6096811,0.0,0.48227406
0.7756551,0.9777932,0.47519186,0.3472438,0.5899552,0.0,0.48227406
0.7780656,0.9770711,0.47444195,0.3297186,0.6321999,0.0,0.45567477
0.78046775,0.97634685,0.47332337,0.3685956,0.56564367,0.0,0.41699052
0.7829246,0.97556055,0.47260413,0.46452332,0.68393815,0.0,0.41699052
0.785363,0.974771,0.4715042,0.43771696,0.5358542,0.0,0.40389293
0.7877551,0.97395813,0.47043395,0.52706146,0.58365154,0.0,0.39399832
0.79013556,0.9731052,0.46937752,0.57251024,0.53284836,0.0,0.39399832
0.7925206,0.97222614,0.46825862,0.38877058,0.5248581,0.0,0.3611399
0.7949033,0.97131574,0.46701035,0.6455579,0.47566503,0.0,0.3611399
0.7972367,0.97038496,0.46579254,0.10737944,0.6343424,0.0,0.3471449
0.7996161,0.9694029,0.4648494,0.74341345,0.65351975,0.0,0.37800384
0.80199265,0.96839905,0.46422857,0.61612654,0.808695,0.0,0.37800384
0.80437505,0.9673586,0.4630637,0.21476221,0.49398568,0.0,0.2874645
0.8067461,0.96630156,0.46154878,0.21129274,0.31462663,0.0,0.2874645
0.8091147,0.9651884,0.45965317,0.31634092,0.25665385,0.0,0.26401818
0.81147057,0.96408784,0.45782503,0.32356453,0.3706962,0.0,0.2856084
0.8138162,0.9629212,0.45627907,0.31674385,0.43479586,0.0,0.2856084
0.81537926,0.9621062,0.455376,0.32782125,0.48126915,0.0,0.26837254
0.817713,0.9608388,0.4539993,0.44673967,0.42128915,0.0,0.26837254
0.82003456,0.9595202,0.45258823,0.3856902,0.43789,0.0,0.2616098
0.82235485,0.9581535,0.4511653,0.82185984,0.37188977,0.0,0.28974456
0.82470286,0.9567465,0.44934455,0.7908735,0.12042022,0.0,0.28974456
0.82701826,0.9552913,0.446916,0.42560482,0.23916769,0.0,0.2988456
0.829315,0.95378315,0.44542181,0.33381224,0.297521,0.0,0.2988456
0.83160776,0.9522261,0.44393477,0.85983515,0.40374368,0.0,0.3052013
0.8338811,0.9506446,0.4420671,0.54963064,0.26120663,0.0,0.3052013
0.83610016,0.9490415,0.4405397,0.19044876,0.3995577,0.0,0.32220405
0.8383562,0.94737697,0.43884927,0.47915792,0.3661787,0.0,0.30808157
0.8406168,0.9456485,0.43727493,0.73133135,0.4411345,0.0,0.30808157
0.84285975,0.9438926,0.43584248,0.6144881,0.49757245,0.0,0.31113088
0.8450973,0.9420816,0.43455935,0.3335905,0.49265367,0.0,0.31113088
0.84737915,0.9402107,0.43333474,0.7437024,0.49860176,0.0,0.28962344
0.8496873,0.93831015,0.43214554,0.9020319,0.5557713,0.0,0.29227942
0.85121655,0.9370172,0.4313338,0.63933516,0.4908303,0.0,0.29227942
0.85342944,0.9350905,0.42985263,0.306365,0.34194392,0.0,0.27464354
0.8556316,0.93314767,0.42834675,0.4777403,0.38335943,0.0,0.27464354
0.8577808,0.9311849,0.42688137,0.24837065,0.4254614,0.0,0.24670899
0.85988736,0.9291756,0.42545527,0.20294714,0.4738337,0.0,0.24670899
0.86200434,0.9271511,0.42397517,0.35306978,0.38032007,0.0,0.24119878
0.8641268,0.9250531,0.42251432,0.68383884,0.44646126,0.0,0.2227804
0.86627483,0.9229202,0.42086342,0.56927776,0.3617869,0.0,0.2227804
0.86841893,0.9207293,0.41928414,0.69404125,0.41524625,0.0,0.22383755
0.8706096,0.91846436,0.4178064,0.71205664,0.40869212,0.0,0.22383755
0.8727918,0.9161574,0.4163685,0.6093044,0.4119206,0.0,0.23999238
0.87497395,0.9138193,0.41497642,0.7566738,0.45243323,0.0,0.247002
0.8771412,0.911444,0.41359767,0.81337833,0.469337,0.0,0.247002
0.8792114,0.9091121,0.41197908,0.45261002,0.39632106,0.0,0.24673414
0.88123417,0.9067613,0.41047508,0.3900447,0.3612265,0.0,0.20944387
0.88324696,0.9043872,0.40879807,0.4962573,0.29817754,0.0,0.20944387
0.88523746,0.9019476,0.4071504,0.28239822,0.37220448,0.0,0.25506097
0.88656425,0.9002948,0.40610328,0.49052286,0.30864626,0.0,0.25506097
0.8885448,0.8977883,0.40446612,0.25900984,0.32436782,0.0,0.2605248
0.8905694,0.895177,0.40281832,0.78746176,0.43655813,0.0,0.2605248
0.8925995,0.89248,0.40123504,0.62417793,0.42010283,0.0,0.24226964
0.89462113,0.8897407,0.39989722,0.28948784,0.5240388,0.0,0.24687034
0.8966365,0.88698816,0.39839804,0.5843997,0.39442337,0.0,0.24687034
0.89863956,0.8842027,0.39685947,0.76615953,0.40275693,0.0,0.22433275
0.90060186,0.88141114,0.39530227,0.59797096,0.39798546,0.0,0.22433275
0.90249854,0.87863564,0.39356107,0.28760767,0.31377077,0.0,0.18743014
0.90436924,0.87585384,0.3917963,0.5375986,0.29588628,0.0,0.23288226
0.90622324,0.8730364,0.38979062,0.19099951,0.1857819,0.0,0.23288226
0.908054,0.8701807,0.38811296,0.41097403,0.38750362,0.0,0.24004686
0.90988415,0.8672357,0.38632074,0.41525745,0.23972654,0.0,0.24004686
0.91172457,0.864246,0.38405383,0.8023658,0.04720497,0.0,0.237369
0.9135648,0.86110497,0.38218933,0.59941864,0.36009443,0.0,0.24697709
0.9153853,0.8579377,0.38056707,0.51340914,0.38703954,0.0,0.24697709
0.9165894,0.8558147,0.3795037,0.60673046,0.35028857,0.0,0.24470669
0.9183751,0.85261106,0.37788343,0.554934,0.38889205,0.0,0.24470669
0.9201277,0.8494164,0.3763121,0.49802113,0.3729856,0.0,0.2512765
0.9218649,0.84619737,0.37474298,0.54584837,0.38794696,0.0,0.25347483
0.92357224,0.8429458,0.3731774,0.20650434,0.36419636,0.0,0.25347483
0.9252439,0.83975816,0.3716339,0.38568687,0.42094457,0.0,0.3065725
0.92689824,0.83652914,0.37038553,0.39324903,0.4555177,0.0,0.3065725
0.92855805,0.8332206,0.36895424,0.4793439,0.3948,0.0,0.3226363
0.930215,0.82985973,0.3673731,0.7138057,0.30661505,0.0,0.30544108
0.93184584,0.8264615,0.3656264,0.8246231,0.33177614,0.0,0.30544108
0.9334764,0.8229818,0.36400527,0.7967067,0.47203463,0.0,0.31444794
0.9350921,0.8194216,0.3626675,0.78024626,0.49280834,0.0,0.31444794
0.93667704,0.81591487,0.36134633,0.66584635,0.4600858,0.0,0.31353134
0.9382431,0.8123972,0.36005005,0.54930925,0.38050818,0.0,0.31353134
0.9397963,0.80885375,0.35857788,0.519084,0.41365176,0.0,0.30310428
0.94132805,0.80528903,0.35710257,0.6401391,0.41290277,0.0,0.26036906
0.942837,0.80172354,0.35558015,0.16570473,0.425866,0.0,0.23944414
0.9438218,0.79937524,0.35459056,0.42139006,0.34931564,0.0,0.23944414
0.9453022,0.7957482,0.35296997,0.17161036,0.38110852,0.0,0.23944414
0.94676536,0.7920919,0.35140878,0.22675991,0.63093466,0.0,0.28095895
0.9482112,0.7883817,0.35001725,0.32700968,0.5019482,0.0,0.2873205
0.9496404,0.7846967,0.34892756,0.6030884,0.34033877,0.0,0.2873205
0.9510514,0.7809514,0.3470571,0.34097528,0.3215677,0.0,0.32054228
0.9524439,0.7772105,0.3456517,0.534122,0.4449054,0.0,0.3070295
0.9538169,0.7734277,0.3443209,0.47239447,0.5069348,0.0,0.3070295
0.95517826,0.7696146,0.34283453,0.71781254,0.44778085,0.0,0.25467044
0.9565202,0.76577675,0.34132704,0.5182824,0.35583752,0.0,0.25467044
0.95783687,0.761935,0.33973983,0.55991983,0.32222813,0.0,0.24850798
0.9591638,0.7579744,0.3380533,0.7961273,0.35679835,0.0,0.30759937
0.96044546,0.75406444,0.33657652,0.40113115,0.44620973,0.0,0.30759937
0.96170247,0.75017136,0.3351977,0.57612467,0.43433642,0.0,0.31327456
0.9629382,0.74622726,0.3338434,0.45575285,0.45194107,0.0,0.32352155
0.9641557,0.74226266,0.3326159,0.2572961,0.5375672,0.0,0.32352155
0.9649474,0.7396582,0.33171275,0.41584015,0.42008024,0.0,0.31528908
0.9661152,0.73572636,0.33010367,0.31038523,0.26804447,0.0,0.31528908
0.9672856,0.7317205,0.32873002,0.3635702,0.51603734,0.0,0.30051446
0.9684383,0.7276888,0.327542,0.63123894,0.5057126,0.0,0.30051446
0.9695754,0.72363067,0.32623428,0.55312395,0.47022185,0.0,0.31170893
0.9706938,0.71954846,0.32486847,0.35555744,0.5102789,0.0,0.27020025
0.97182715,0.71537584,0.32339162,0.7825823,0.3753742,0.0,0.27020025
0.9729409,0.7111793,0.32179177,0.83482313,0.40042156,0.0,0.27850288
0.9740088,0.70699954,0.3203761,0.6428232,0.55544174,0.0,0.27850288
0.97504866,0.7028445,0.31914735,0.42241907,0.48643583,0.0,0.24507076
0.9760677,0.6987314,0.31781346,0.24989891,0.42204505,0.0,0.2561307
0.9770564,0.6946903,0.3164515,0.18584633,0.4673475,0.0,0.2561307
0.9780214,0.690618,0.3149912,0.2416768,0.38267523,0.0,0.247096
0.9789602,0.68648165,0.31315625,0.17313719,0.38074178,0.0,0.247096
0.97989184,0.6822617,0.31172052,0.5394831,0.49939346,0.0,0.24255514
0.98081124,0.6780045,0.31044394,0.55743027,0.4990094,0.0,0.2509067
0.9817201,0.67359644,0.3092112,0.7860284,0.49468923,0.0,0.22659099
0.9823226,0.6706729,0.30827457,0.42586136,0.4139986,0.0,0.22659099
0.983207,0.6662744,0.30675054,0.8494115,0.44977796,0.0,0.22659099
0.9840746,0.6618463,0.3052374,0.40546846,0.40464443,0.0,0.2034204
0.98490584,0.65744317,0.30360228,0.91433525,0.35177326,0.0,0.2128653
0.9856941,0.65319544,0.30211407,0.10359335,0.43022364,0.0,0.2128653
0.9864643,0.6489661,0.30041054,0.43562603,0.35501558,0.0,0.22926223
0.98719746,0.64473164,0.29872182,0.099671364,0.36970174,0.0,0.22926223
0.987904,0.64046204,0.29714027,0.39120293,0.41098785,0.0,0.24562329
0.98859257,0.63616586,0.29531923,0.21982574,0.1725958,0.0,0.28000766
0.9892636,0.63177466,0.29393023,0.7553873,0.38178462,0.0,0.28000766
0.9899388,0.62725514,0.29237536,0.9003444,0.58055735,0.0,0.22239298
0.9905923,0.62262,0.29144728,0.9657564,0.65700495,0.0,0.22239298
0.9912298,0.61803824,0.2902723,0.76501894,0.49092865,0.0,0.2691511
0.9918487,0.6134745,0.2888934,0.4150772,0.34475064,0.0,0.24872553
0.99243796,0.60895705,0.28715444,0.6805916,0.29863125,0.0,0.21953464
0.9929988,0.6045176,0.28521228,0.68260145,0.23522198,0.0,0.21953464
0.99334514,0.6016084,0.28393197,0.156034,0.37539923,0.0,0.21953464
0.99384385,0.59720784,0.28254455,0.41927814,0.46741745,0.0,0.23455912
0.9943297,0.5928762,0.2816062,0.48320436,0.6352333,0.0,0.24126035
0.99480253,0.58858037,0.2806955,0.25499249,0.65060234,0.0,0.24126035
0.9952651,0.58415985,0.2798302,0.87542343,0.6034976,0.0,0.23938054
0.99571925,0.5796578,0.27853853,0.7679262,0.22548354,0.0,0.19991273
0.99615836,0.5750393,0.2765265,0.84983397,0.51521367,0.0,0.19991273
0.99656874,0.5702663,0.27573532,0.86833763,0.7044287,0.0,0.18170547
0.99696773,0.5654699,0.27504906,1.0,0.69747925,0.0,0.18170547
0.9973599,0.56088203,0.27382594,0.3070464,0.33921766,0.0,0.17694205
0.9977332,0.5563602,0.27195573,0.30502605,0.24847364,0.0,0.17694205
0.9980644,0.551833,0.26994875,0.6923609,0.1814192,0.0,0.12758797
0.9983498,0.5473584,0.26793507,0.13550234,0.20751202,0.0,0.15089506
0.9986189,0.54295886,0.2664482,0.08349419,0.6455017,0.0,0.15089506
0.998859,0.5385272,0.2654839,0.5756235,0.5195191,0.0,0.16900861
0.99908954,0.5339676,0.2638548,0.8998318,0.19701105,0.0,0.16791707
0.99929565,0.5294125,0.26161027,0.8727522,0.12937784,0.0,0.1793096
0.99940085,0.52636343,0.26038024,0.98730993,0.52157956,0.0,0.1793096
0.9995628,0.5217191,0.2589503,0.64797306,0.1712147,0.0,0.1793096
0.99971336,0.51700896,0.25728133,0.52949715,0.4423117,0.0,0.18977964
0.9998291,0.5124407,0.2556274,0.7840309,0.3243485,0.0,0.20548481
0.99992025,0.50785387,0.25379512,0.43809986,0.2778055,0.0,0.20548481
0.9999757,0.5032815,0.25198382,0.5746894,0.21373022,0.0,0.20959479
0.99999994,0.498698,0.2498554,0.3324604,0.22544545,0.0,0.22962677
0.99998873,0.49413708,0.24808505,0.47263956,0.3753218,0.0,0.22962677
0.99995255,0.48955938,0.24717447,0.63865376,0.6319493,0.0,0.22132957
0.99990845,0.48495165,0.24592352,0.1906972,0.31478035,0.0,0.22132957
0.9998409,0.48035884,0.24502766,0.6778188,0.55246115,0.0,0.22581798
0.99976,0.47578937,0.24344042,0.8584652,0.26391,0.0,0.19365513
0.9996565,0.47124022,0.24160647,0.08164501,0.44200343,0.0,0.19365513
0.9995187,0.466743,0.23964441,0.53953457,0.08692801,0.0,0.19527322
0.99942255,0.46217212,0.23750404,0.4006858,0.2144481,0.0,0.20298183
0.9992631,0.45760602,0.23550317,0.42295027,0.23795623,0.0,0.20298183
0.9990936,0.4530523,0.23356843,0.28817034,0.26539105,0.0,0.21378398
0.99894977,0.45002297,0.23234767,0.4136486,0.3001718,0.0,0.21378398
0.99867284,0.44541603,0.23067331,0.5381136,0.48223317,0.0,0.24739957
0.9983581,0.4407391,0.22912878,0.93015957,0.35441315,0.0,0.21230298
0.99803925,0.43616086,0.22714692,0.83419514,0.20485103,0.0,0.21230298
0.9976836,0.43161467,0.22608218,0.6179733,0.7653592,0.0,0.21965301
0.9973224,0.42709577,0.225537,0.41438484,0.6740108,0.0,0.21965301
0.9969562,0.4226622,0.22455415,0.26250887,0.551878,0.0,0.27486295
0.9965703,0.41826576,0.22342485,0.7154598,0.49912894,0.0,0.23932856
0.99616474,0.4138462,0.221813,0.7036519,0.22077525,0.0,0.23932856
0.995756,0.40934414,0.21991843,0.5781288,0.30531734,0.0,0.2405234
0.99531764,0.4048471,0.21822688,0.6388111,0.3712628,0.0,0.2405234
0.9948703,0.40034413,0.21661812,0.7795892,0.42132086,0.0,0.25316763
0.9943467,0.39570495,0.21537611,0.55758953,0.55188024,0.0,0.24515861
0.9938013,0.39110363,0.21402624,0.9088826,0.44602674,0.0,0.24515861
0.9932396,0.3865066,0.21263981,0.87228394,0.48610494,0.0,0.25311148
0.9926748,0.38201848,0.21104506,0.51493835,0.31643498,0.0,0.23750669
0.9922937,0.37906596,0.21001813,0.55739164,0.4546067,0.0,0.23750669
0.991687,0.3747378,0.20842376,0.31233454,0.1860789,0.0,0.23318255
0.9910724,0.37041855,0.20620647,0.22133398,0.057118237,0.0,0.23318255
0.99041563,0.36610773,0.20439523,0.24917793,0.2579986,0.0,0.2195015
0.989718,0.36181277,0.20250192,0.6765256,0.2979995,0.0,0.22954059
0.9890037,0.35749286,0.20068008,0.35282993,0.2758304,0.0,0.22954059
0.98826355,0.35305384,0.19899404,0.91753435,0.49732897,0.0,0.24991798
0.98748183,0.3485761,0.19768474,0.87977695,0.4926729,0.0,0.24991798
0.98667985,0.34406722,0.1965287,0.8780112,0.52866924,0.0,0.25325304
0.98585206,0.33962166,0.1950722,0.93929815,0.3118779,0.0,0.2837953
0.9850066,0.33517885,0.19374844,0.86011887,0.5658199,0.0,0.2837953
0.9841688,0.33085382,0.19261518,0.035310745,0.55006105,0.0,0.27395254
0.98333347,0.32670045,0.19143304,0.11883831,0.54379845,0.0,0.21876603
0.982479,0.32258558,0.19022554,0.0,0.5348165,0.0,0.21876603
0.9815969,0.31847608,0.18889627,0.47298384,0.4693396,0.0,0.21023756
0.9806964,0.3143574,0.18731841,0.6196785,0.2652139,0.0,0.25655997
0.9797614,0.31019247,0.18545279,0.24889326,0.3399225,0.0,0.25655997
0.97911483,0.30735973,0.18434083,0.72309065,0.25459415,0.0,0.26618713
0.9781247,0.30306366,0.18273929,0.77267456,0.45095217,0.0,0.26618713
0.97710997,0.29877338,0.18134725,0.59697294,0.40346295,0.0,0.2833768
0.97606415,0.29450244,0.18000185,0.6576834,0.4128614,0.0,0.2833768
0.9750055,0.29025215,0.17864835,0.6513157,0.3880347,0.0,0.21800977
0.97394514,0.2861187,0.177102,0.34965134,0.28863913,0.0,0.2660281
0.9728553,0.2820151,0.17530549,0.44447184,0.38341773,0.0,0.2660281
0.97176325,0.27799404,0.17364168,0.30403233,0.25472444,0.0,0.26263815
0.9706774,0.27402008,0.17202178,0.208251,0.39528185,0.0,0.28082567
0.96956384,0.27006584,0.17055395,0.49522495,0.44562423,0.0,0.28082567
0.9684085,0.26609543,0.16913775,0.17518711,0.35386223,0.0,0.2434169
0.96721977,0.2620919,0.16722435,0.8428011,0.24273491,0.0,0.2434169
0.96598524,0.25809765,0.16501486,0.7371211,0.0,0.0,0.24058962
0.96472555,0.25408378,0.16293484,0.5463152,0.2808448,0.0,0.25404114
0.96343327,0.2500983,0.16120017,0.48681307,0.40876043,0.0,0.29923898
0.96213895,0.24620447,0.15967134,0.40721178,0.4026274,0.0,0.29923898
0.96126425,0.2436294,0.15875405,0.38728952,0.44252527,0.0,0.29923898
0.959936,0.2397826,0.15738294,0.53646946,0.49217317,0.0,0.30484027
0.9585911,0.23595825,0.1560429,0.5381875,0.4813949,0.0,0.3248114
0.95724833,0.2321881,0.15468445,0.4629817,0.39110363,0.0,0.3248114
0.9559223,0.22846976,0.15317574,0.50081396,0.3893686,0.0,0.31919754
0.95452946,0.22471532,0.15167949,0.7909117,0.4434319,0.0,0.27502292
0.95311147,0.22099,0.15007508,0.17422915,0.31878275,0.0,0.27502292
0.95168203,0.21728513,0.14806366,0.22253704,0.1514638,0.0,0.27839643
0.9502177,0.21361351,0.14600247,0.14720535,0.42736542,0.0,0.27839643
0.94871336,0.20993099,0.14454809,0.43245983,0.3926223,0.0,0.33643174
0.9472127,0.20632622,0.14316773,0.65773916,0.4778598,0.0,0.3441177
0.94569,0.20275253,0.14187685,0.6430025,0.5111129,0.0,0.3441177
0.94415003,0.199218,0.14068633,0.34103394,0.5284878,0.0,0.3755647
0.94260305,0.19567943,0.13944256,0.46751308,0.5109049,0.0,0.3755647
0.94104224,0.19216466,0.13821241,0.42972326,0.49048617,0.0,0.3785553
0.9394608,0.18865159,0.13680571,0.40935087,0.3901254,0.0,0.36140096
0.93787825,0.18518469,0.13529727,0.36625385,0.4365573,0.0,0.36140096
0.9368171,0.18288845,0.13429451,0.6243224,0.38663656,0.0,0.34443444
0.9351951,0.17946568,0.13296631,0.8238678,0.3398893,0.0,0.34443444
0.93355876,0.1760802,0.13145593,0.6606736,0.42419964,0.0,0.35253417
0.9319164,0.172762,0.12996158,0.18447971,0.49439493,0.0,0.35053837
0.93025947,0.16945979,0.128631,0.6321163,0.43551934,0.0,0.35053837
0.92857605,0.16615424,0.12729844,0.5938616,0.4673963,0.0,0.34735113
0.9268775,0.16287255,0.12593901,0.51881313,0.4533856,0.0,0.34735113
0.9251621,0.15963191,0.12462482,0.36015558,0.49196514,0.0,0.3197077
0.9234349,0.15639892,0.1230571,0.6923528,0.41559255,0.0,0.33877957
0.92166704,0.15308547,0.12167457,0.6256933,0.44239056,0.0,0.33877957
0.9198773,0.149865,0.12026915,0.6906667,0.39367312,0.0,0.33957803
0.9181074,0.14672932,0.118721515,0.62274456,0.36532867,0.0,0.33957803
0.91632384,0.14362574,0.1171045,0.5502529,0.3362528,0.0,0.31104165
0.91452366,0.14057404,0.11554903,0.2693901,0.40873748,0.0,0.31795955
0.91272974,0.13761261,0.11409676,0.22742462,0.4286027,0.0,0.30884868
0.91091686,0.1346837,0.112564415,0.73332405,0.4375248,0.0,0.30884868
0.90970117,0.13271317,0.11155212,0.4320469,0.44913006,0.0,0.30884868
0.9078518,0.12976617,0.11019042,0.51982594,0.436562,0.0,0.31863546
0.90597045,0.12684375,0.10881534,0.4820819,0.4445613,0.0,0.31388783
0.90406376,0.12393829,0.10743511,0.8430009,0.46297568,0.0,0.31388783
0.90212214,0.1210241,0.10602534,0.6835723,0.42561293,0.0,0.31541908
0.9001677,0.11814132,0.10455912,0.7895136,0.3878461,0.0,0.31541908
0.8982055,0.11529136,0.1031349,0.6115079,0.41639066,0.0,0.32710314
0.89624155,0.11253658,0.10166839,0.7146783,0.42740655,0.0,0.3196538
0.89431196,0.10983986,0.10028151,0.48681164,0.44194108,0.0,0.3196538
0.8923851,0.10718691,0.09889066,0.28795862,0.45832288,0.0,0.328995
0.8904433,0.104573876,0.09754515,0.28880835,0.473997,0.0,0.328995
0.8884859,0.10200733,0.09612036,0.23322868,0.38724476,0.0,0.30048335
0.8865136,0.0994429,0.09467319,0.48428297,0.47281227,0.0,0.0
0.8844695,0.096888125,0.092835456,0.88838196,0.26024437,0.0,0.0
0.8823342,0.09433785,0.0910131,0.9538226,0.33652854,0.0,0.058335245
0.8802123,0.09181738,0.08917746,0.8158598,0.27276605,0.0,0.26375806
0.8780968,0.08933535,0.08739844,0.88370514,0.41831726,0.0,0.26375806
0.87668335,0.087703675,0.08629811,0.80589294,0.31249923,0.0,0.36498833
0.87455493,0.08529714,0.084851,0.39972734,0.4116878,0.0,0.36498833
0.8724895,0.08299419,0.083293736,0.44316196,0.47774747,0.0,0.29020894
0.8704547,0.08074471,0.08200824,0.19429779,0.48363644,0.0,0.29020894
0.8683913,0.07852262,0.08081576,0.34644556,0.57363796,0.0,0.4483019
0.86630803,0.07633078,0.07984322,0.50573635,0.5544766,0.0,0.40617782
0.8642102,0.07416803,0.07866469,0.25922298,0.5416975,0.0,0.40617782
0.8620867,0.072021276,0.07746589,0.684577,0.49225378,0.0,0.42994344
0.85988295,0.069861054,0.07643899,0.6097784,0.609923,0.0,0.39131212
0.857657,0.06772512,0.07545221,0.7594719,0.58818054,0.0,0.39131212
0.85542774,0.06561035,0.07443631,0.7363963,0.57606554,0.0,0.3608644
0.853189,0.06351614,0.07337347,0.5739751,0.5367188,0.0,0.3608644
0.85098624,0.061440885,0.07213798,0.57068825,0.45557642,0.0,0.37273896
0.84879494,0.059440106,0.07062894,0.37547827,0.40310532,0.0,0.36690265
0.8466236,0.05750218,0.0692783,0.5420332,0.5818044,0.0,0.36690265
0.8445031,0.055590898,0.06826922,0.41740704,0.590081,0.0,0.38120788
0.84305996,0.054339558,0.06756592,0.629879,0.5578959,0.0,0.38120788
0.840897,0.05248618,0.066512674,0.21584511,0.55348223,0.0,0.3794461
0.8386778,0.05064547,0.065316826,0.5271034,0.5503621,0.0,0.36483115
0.8364521,0.04881811,0.06397566,0.5216236,0.357315,0.0,0.36483115
0.8341561,0.047014654,0.06268105,0.60395336,0.6158397,0.0,0.35113466
0.8318222,0.045244873,0.061741173,0.6556325,0.6146339,0.0,0.35113466
0.82948905,0.043493986,0.060793072,0.77608585,0.6093104,0.0,0.38683194
0.8272136,0.04178703,0.059568226,0.3694563,0.4508881,0.0,0.35541642
0.8249444,0.040106,0.058112532,0.57755566,0.44064885,0.0,0.35541642
0.82266825,0.038479984,0.056521833,0.34387732,0.2588504,0.0,0.2905879
0.82040703,0.036893576,0.054761767,0.26207352,0.42106336,0.0,0.2905879
0.818185,0.03537944,0.0535886,0.33154202,0.5407523,0.0,0.29304248
0.81594294,0.033885896,0.05252081,0.3142519,0.5781723,0.0,0.2921272
0.81363183,0.032404065,0.051352292,0.8363509,0.52041703,0.0,0.2921272
0.81132406,0.030956745,0.049917996,0.71028423,0.32538313,0.0,0.27362
0.80899066,0.02955997,0.04841265,0.36003494,0.49451968,0.0,0.2578931
0.80660564,0.028173476,0.046958804,0.66826487,0.5419094,0.0,0.2578931
0.8049971,0.027279377,0.046298385,0.49859762,0.6187233,0.0,0.2591099
0.8026595,0.025977612,0.044889987,0.661798,0.23075747,0.0,0.2591099
0.80031997,0.024682939,0.043245375,0.44131756,0.35099792,0.0,0.2623679
0.7979696,0.02344039,0.04153204,0.47186136,0.29894453,0.0,0.25845528
0.79561543,0.022251278,0.039782465,0.3987403,0.3481691,0.0,0.25845528
0.79326373,0.021124154,0.038078487,0.5391245,0.4960043,0.0,0.2711419
0.7909048,0.020045698,0.037035763,0.5687618,0.61912715,0.0,0.2711419
0.78853106,0.01899159,0.036131263,0.46886015,0.63681793,0.0,0.28493196
0.7861701,0.017966002,0.03521824,0.6268029,0.6033727,0.0,0.2991656
0.7837915,0.016959518,0.03415826,0.34889698,0.5160098,0.0,0.2991656
0.78141236,0.015995651,0.03284791,0.42954063,0.3099264,0.0,0.29403436
0.7790515,0.015082061,0.031179935,0.5171962,0.3442837,0.0,0.29403436
0.7766614,0.01419875,0.02989015,0.5914278,0.4742633,0.0,0.2980907
0.7742683,0.013327181,0.028560221,0.7470727,0.45365006,0.0,0.2980907
0.7718739,0.012490153,0.02719888,0.63762,0.4302644,0.0,0.32323778
0.76947844,0.011697084,0.025600076,0.5838094,0.37010103,0.0,0.3258931
0.7678699,0.011216998,0.024478942,0.3459983,0.40965223,0.0,0.3258931
0.76541674,0.010497838,0.023028255,0.6855364,0.32596153,0.0,0.34417844
0.76299274,0.009852022,0.021489173,0.5086107,0.3876983,0.0,0.34417844
0.76058656,0.009238958,0.020151347,0.8437085,0.55129826,0.0,0.3762533
0.758167,0.008668512,0.018853456,0.5105758,0.407995,0.0,0.4321404
0.75575626,0.0081294775,0.018027812,0.5416126,0.5955516,0.0,0.4321404
0.7533872,0.007614106,0.017103136,0.50872326,0.66907287,0.0,0.4601406
0.75099444,0.0071293116,0.016219854,0.34029627,0.6043041,0.0,0.4601406
0.7485765,0.006656617,0.015320748,0.53098536,0.6148584,0.0,0.49919486
0.74615,0.0062156916,0.014454186,0.478611,0.6593846,0.0,0.5305499
0.7437235,0.0057919323,0.013725758,0.56810427,0.6926459,0.0,0.5305499
0.7412784,0.0054011643,0.012933135,0.5442257,0.6895274,0.0,0.55048823
0.7388205,0.0050264895,0.012162089,0.538115,0.69253725,0.0,0.55048823
0.7363522,0.004671186,0.011526495,0.613399,0.7141577,0.0,0.5751714
0.7339231,0.0043426454,0.010936528,0.45952654,0.81387264,0.0,0.60429096
0.7314896,0.0040290058,0.010503203,0.59778166,0.8357836,0.0,0.61613643
0.7290832,0.0037232637,0.010017633,0.5660639,0.73331195,0.0,0.61613643
0.7274842,0.0035269558,0.009636402,0.4754882,0.77651453,0.0,0.61613643
0.72508764,0.003249228,0.009111166,0.52393055,0.77047276,0.0,0.63085973
0.72267723,0.0029887557,0.008587271,0.5212431,0.7446791,0.0,0.65118146
0.72024393,0.0027396977,0.008090317,0.44032526,0.7688704,0.0,0.65118146
0.7178151,0.002501756,0.00758484,0.49821615,0.765629,0.0,0.6615708
0.715364,0.0022866428,0.007134825,0.45553112,0.8116032,0.0,0.6784728
0.7129055,0.0020780265,0.006702423,0.5070696,0.7762535,0.0,0.6784728
0.7104508,0.001889348,0.006268114,0.6081238,0.8019438,0.0,0.6990229
0.708002,0.0017080605,0.005818099,0.44943476,0.7296631,0.0,0.6990229
0.7055688,0.0015399158,0.0054394603,0.42266035,0.8506641,0.0,0.7087976
0.70314837,0.0013825297,0.0051377416,0.40089607,0.83759093,0.0,0.7257484
0.70073485,0.0012342334,0.0047871172,0.4829688,0.8285335,0.0,0.7257484
0.698323,0.0010943413,0.0044127405,0.4467969,0.839285,0.0,0.7342882
0.6959114,0.0009634495,0.004066378,0.40090275,0.83785534,0.0,0.7342882
0.6934753,0.00084745884,0.0037152767,0.48310375,0.8184517,0.0,0.74891007
0.691043,0.00073736906,0.00336802,0.42855692,0.84357846,0.0,0.76017773
0.68941545,0.00066778064,0.0031873584,0.5952978,0.87191755,0.0,0.76017773
0.68696463,0.0005733371,0.0029402077,0.6136017,0.8449161,0.0,0.76017773
0.6845162,0.0004876554,0.0026319623,0.57280064,0.8632342,0.0,0.7761765
0.6820638,0.0004093945,0.0023391247,0.5920167,0.829185,0.0,0.7874942
0.6796204,0.00034156442,0.0020593107,0.54452705,0.8781408,0.0,0.7874942
0.67719156,0.00028008223,0.0018738508,0.5717716,0.8876579,0.0,0.80122423
0.6747684,0.00022488832,0.0016707182,0.5831375,0.8808406,0.0,0.80122423
0.67234474,0.00017413497,0.0014277697,0.4896655,0.86512077,0.0,0.80488294
0.66992265,0.00013101101,0.0011823475,0.46683455,0.87135005,0.0,0.80488294
0.6674986,9.4115734e-05,0.0009422004,0.5567994,0.8821117,0.0,0.8147306
0.66506374,6.41346e-05,0.0007202625,0.49177027,0.88127923,0.0,0.8147306
0.66262454,3.9756298e-05,0.0005251169,0.6021471,0.9024361,0.0,0.82887745
0.6601818,2.0593405e-05,0.0003567934,0.53020144,0.89077765,0.0,0.84060544
0.65773785,9.447336e-06,0.00018417835,0.47165728,0.87345326,0.0,0.84060544
0.65529466,1.5199184e-06,0.0,0.4699936,0.88752306,0.0,0.85029614
0.6528554,0.0,1.0,0.5543294,0.90732104,0.0,0.85225016
0.6512317,8.34465e-07,0.999918,0.5489917,0.912141,0.0,0.85225016
0.6488018,6.854534e-06,0.99977475,0.53790283,0.9045701,0.0,0.86304164
0.64637566,1.66893e-05,0.9996427,0.53581095,0.90233564,0.0,0.86304164
0.6439479,3.0189753e-05,0.9994894,0.47608376,0.90214175,0.0,0.8656994
0.6415204,4.7147274e-05,0.9993421,0.45799875,0.90532273,0.0,0.8656994
0.63908863,6.8068504e-05,0.9992244,0.54451513,0.92341316,0.0,0.879495
0.6366539,9.10759e-05,0.9991202,0.5349364,0.9165551,0.0,0.8912562
0.6342132,0.00011625886,0.9990252,0.52962494,0.9185922,0.0,0.8912562
0.6317745,0.00014704466,0.99892515,0.55330133,0.9306458,0.0,0.89094746
0.62933517,0.00018030405,0.998814,0.5172386,0.9155263,0.0,0.89094746
0.6268964,0.00021544099,0.99869955,0.51778555,0.92288995,0.0,0.89456457
0.62446105,0.00025475025,0.99862677,0.5261626,0.9357745,0.0,0.89456457
0.62202966,0.0002978444,0.9985513,0.51864195,0.9346656,0.0,0.9003532
0.6195984,0.0003413558,0.99847317,0.4772935,0.9288394,0.0,0.91087323
0.61716735,0.00038796663,0.99838793,0.49361897,0.93106747,0.0,0.91087323
0.6147374,0.00043579936,0.9982976,0.4908967,0.93009824,0.0,0.9153804
0.61230475,0.00048592687,0.99823916,0.5142412,0.93412364,0.0,0.9153804
0.6106819,0.0005206764,0.99820924,0.5228076,0.94133246,0.0,0.9218939
0.60824466,0.0005726814,0.9981566,0.50481606,0.94241637,0.0,0.9218939
0.6058078,0.00062704086,0.9981066,0.51456356,0.944586,0.0,0.9292897
0.6033706,0.0006816089,0.99805236,0.50737715,0.9387793,0.0,0.9292897
0.60093427,0.00073972344,0.9979916,0.5019407,0.93728966,0.0,0.9358236
0.5984987,0.0007983446,0.9979418,0.5004401,0.95351374,0.0,0.94134545
0.5960656,0.00085890293,0.997927,0.4977975,0.9510916,0.0,0.94134545
0.59363174,0.00092050433,0.99789715,0.51072836,0.94333625,0.0,0.94236106
0.5911983,0.0009827316,0.9978627,0.5065465,0.94672096,0.0,0.94236106
0.5887657,0.0010454059,0.99782515,0.5120597,0.94380784,0.0,0.94707173
0.5863329,0.0011096895,0.9977807,0.5131154,0.95514655,0.0,0.95057786
0.5838981,0.0011746287,0.9977804,0.50176287,0.96338177,0.0,0.95057786
0.5814632,0.0012387335,0.9977685,0.5196552,0.9530148,0.0,0.9531403
0.5790279,0.0013031662,0.9977535,0.5208478,0.9529339,0.0,0.9531403
0.5765926,0.001368314,0.99773306,0.51118755,0.9505406,0.0,0.95597935
0.57415736,0.001434356,0.9977068,0.5018072,0.9477343,0.0,0.9571374
0.5725341,0.0014787316,0.9976888,0.51606846,0.9501941,0.0,0.9571374
0.57010007,0.0015461147,0.9976914,0.50402546,0.95840627,0.0,0.95973635
0.56766605,0.001613915,0.99769056,0.50533676,0.96112436,0.0,0.95973635
0.5652317,0.0016813874,0.9976867,0.50887823,0.9604163,0.0,0.96742123
0.5627972,0.0017490387,0.9976858,0.51329803,0.96019226,0.0,0.9668202
0.5603631,0.0018166006,0.99767554,0.5105214,0.954536,0.0,0.9668202
0.55792916,0.0018843412,0.99768686,0.51352453,0.97390723,0.0,0.9687398
0.5554954,0.0019510686,0.99771243,0.51070166,0.96334445,0.0,0.9687398
0.55306137,0.0020172596,0.9977226,0.5115156,0.9646492,0.0,0.9736943
0.550627,0.0020829737,0.9977313,0.5017309,0.96444213,0.0,0.97570205
0.5481927,0.0021482408,0.997733,0.510026,0.9546831,0.0,0.97570205
0.5457589,0.002213955,0.99773276,0.5115547,0.95946234,0.0,0.9769148
0.5433253,0.0022796094,0.9977472,0.4964404,0.9677084,0.0,0.9769148
0.5408904,0.002345562,0.9977732,0.5055418,0.9690742,0.0,0.97746974
0.5384555,0.0024103224,0.99778706,0.5099869,0.96527433,0.0,0.9807333
0.5360202,0.0024749339,0.9978014,0.50742817,0.9616387,0.0,0.9807333
0.5335854,0.0025393367,0.9978088,0.5064082,0.96138656,0.0,0.980815
0.5319624,0.0025820732,0.9978162,0.51217127,0.96298695,0.0,0.980815
0.5295286,0.0026450157,0.9978602,0.51498365,0.97568667,0.0,0.98240316
0.5270958,0.0027066767,0.99789214,0.516181,0.9754442,0.0,0.9849116
0.5246622,0.0027675629,0.99791753,0.5227518,0.9656659,0.0,0.9849116
0.5222279,0.0028267503,0.9979344,0.50735426,0.965685,0.0,0.98466575
0.519794,0.002886176,0.9979484,0.5171962,0.96326184,0.0,0.98466575
0.51736045,0.002945304,0.99797153,0.5039716,0.9709583,0.0,0.98727286
0.51492614,0.0030036569,0.9980071,0.5157132,0.97315085,0.0,0.98765945
0.51249075,0.0030621886,0.9980452,0.5195751,0.96961933,0.0,0.98765945
0.5100554,0.0031190217,0.99807036,0.50591755,0.9659294,0.0,0.9882254
0.5076198,0.0031755567,0.99808735,0.5092511,0.9655587,0.0,0.9882254
0.5051848,0.0032317936,0.998104,0.5168648,0.97371835,0.0,0.98712885
0.50275075,0.0032877624,0.9981581,0.4988346,0.980542,0.0,0.9890515
0.5003183,0.0033406913,0.9981986,0.49687433,0.9704129,0.0,0.9890515
0.49788558,0.0033927262,0.9982263,0.5109067,0.9713624,0.0,0.9888212
0.4954521,0.0034438968,0.9982476,0.49653196,0.9657208,0.0,0.9890437
0.49301884,0.0034940839,0.9982674,0.49498034,0.9654367,0.0,0.9890437
0.49139675,0.0035269856,0.99828196,0.4924078,0.9718091,0.0,0.9899931
0.4889627,0.0035766661,0.99831724,0.5178695,0.9715935,0.0,0.9899931
0.48652714,0.003625095,0.99834996,0.5137763,0.9734298,0.0,0.99612683
0.48409215,0.0036732554,0.9983848,0.5072608,0.9727962,0.0,0.99612683
0.48165667,0.0037204623,0.9984189,0.50433683,0.9734141,0.0,0.99498695
0.4792208,0.0037668645,0.9984441,0.51132774,0.9693063,0.0,0.99498695
0.47678655,0.00381276,0.9985012,0.503777,0.9986414,0.0,0.9937416
0.47435385,0.0038550198,0.99857175,0.51932144,0.97549754,0.0,0.9912609
0.4719209,0.003896594,0.9986081,0.51245356,0.9736548,0.0,0.9912609
0.46948737,0.0039364398,0.99863815,0.51549006,0.97100985,0.0,0.985993
0.46705344,0.0039753914,0.99865484,0.5056677,0.9692905,0.0,0.985993
0.46462005,0.0040142834,0.9986635,0.5076785,0.96192896,0.0,0.98557514
0.46218628,0.0040531456,0.9986936,0.52335167,0.9718152,0.0,0.98557514
0.4597506,0.004091382,0.99872065,0.5098753,0.96856683,0.0,0.9895006
0.45731497,0.0041292906,0.9987521,0.51261187,0.97123015,0.0,0.9884363
0.45487967,0.0041662455,0.998775,0.49962997,0.96960336,0.0,0.9884363
0.45325592,0.004190594,0.9987867,0.4938507,0.9658157,0.0,0.99110526
0.45082092,0.0042271316,0.9988193,0.50139475,0.98000485,0.0,0.99110526
0.44838694,0.004261762,0.998873,0.503222,0.9819039,0.0,0.9868223
0.4459543,0.004294187,0.998906,0.49094152,0.9699972,0.0,0.9868223
0.4435209,0.0043252707,0.9989321,0.49540567,0.9699498,0.0,0.9871163
0.44108686,0.004355669,0.99895215,0.5052028,0.970318,0.0,0.9871163
0.43865323,0.0043855608,0.99897385,0.5052676,0.96467716,0.0,0.98523074
0.43621927,0.004415363,0.9989985,0.5075908,0.9699221,0.0,0.9807228
0.43378448,0.0044448674,0.99902356,0.51287746,0.96665734,0.0,0.9807228
0.4313496,0.004473716,0.9990419,0.521986,0.9652971,0.0,0.9815684
0.42891437,0.0045027137,0.9990592,0.51136017,0.96236455,0.0,0.9815684
0.42647937,0.0045307875,0.99906325,0.5065465,0.9640059,0.0,0.97825676
0.42404467,0.0045588017,0.9990758,0.5070362,0.9682002,0.0,0.9768337
0.4216106,0.004585892,0.9991252,0.5020771,0.97641665,0.0,0.9768337
0.41917706,0.0046109557,0.9991485,0.49766254,0.96582925,0.0,0.97669405
0.41674268,0.004635364,0.9991614,0.51672935,0.9626233,0.0,0.96524966
0.4143079,0.0046595335,0.9991611,0.5064349,0.9554692,0.0,0.96524966
0.41268456,0.0046759844,0.99915135,0.50816536,0.9578997,0.0,0.96524966
0.41024992,0.0047011375,0.99914,0.50854445,0.95978093,0.0,0.9603789
0.40781552,0.004726827,0.9991436,0.51757574,0.9610853,0.0,0.9548618
0.40538165,0.0047526658,0.9991349,0.51362133,0.95514566,0.0,0.9548618
0.40294752,0.004778713,0.999119,0.509603,0.9543821,0.0,0.9531108
0.4005137,0.0048050582,0.999094,0.51104546,0.9463003,0.0,0.9531108
0.39808083,0.0048317313,0.9990533,0.49747896,0.9363061,0.0,0.9413206
0.39564732,0.0048603117,0.9990326,0.4930663,0.96282065,0.0,0.9413206
0.3932117,0.00488922,0.9990114,0.52388716,0.9483774,0.0,0.9291283
0.39077502,0.0049185455,0.99896574,0.49285078,0.933684,0.0,0.8787221
0.3883337,0.004950553,0.9988498,0.50507975,0.9174985,0.0,0.8787221
0.38589448,0.0049869716,0.99872816,0.47982597,0.9062397,0.0,0.8772855
0.38345656,0.0050267577,0.9985913,0.51299953,0.9149908,0.0,0.8772855
0.3810224,0.0050689876,0.99849856,0.47412682,0.9183782,0.0,0.88019097
0.37859195,0.005116135,0.99840915,0.44918346,0.93448603,0.0,0.8607441
0.37616402,0.005164504,0.99828845,0.5580616,0.9112904,0.0,0.8607441
0.3745469,0.0051998794,0.99817955,0.48502254,0.89770657,0.0,0.8651632
0.37211955,0.0052543283,0.99801546,0.49422312,0.90752614,0.0,0.8651632
0.36968988,0.005314231,0.9978626,0.53442144,0.9154924,0.0,0.8363858
0.3672537,0.005377263,0.9976987,0.5250654,0.9154681,0.0,0.8363858
0.36481053,0.005443901,0.99755883,0.546844,0.92215776,0.0,0.8750307
0.3623702,0.00551638,0.9974268,0.5336828,0.9170702,0.0,0.8750307
0.35992998,0.0055924356,0.99729484,0.5571327,0.88700116,0.0,0.87045413
0.3574899,0.005672604,0.9971392,0.5219598,0.9058998,0.0,0.87045413
0.35505304,0.005757451,0.9970242,0.5680795,0.9149677,0.0,0.85164267
0.3526249,0.0058473647,0.99688935,0.55350065,0.9041122,0.0,0.8533581
0.35019636,0.0059399605,0.9967518,0.54069424,0.90622485,0.0,0.8533581
0.34776884,0.006036967,0.9965999,0.55045223,0.9025658,0.0,0.8680869
0.34534192,0.006135881,0.99642634,0.5089717,0.88933885,0.0,0.8680869
0.34291697,0.0062417686,0.99623835,0.5259476,0.88898516,0.0,0.83139086
0.3404825,0.0063503087,0.99606836,0.50415564,0.9117163,0.0,0.84526557
0.33804172,0.006462902,0.99591476,0.58837795,0.92339486,0.0,0.8355913
0.33559865,0.0065817535,0.995747,0.5831485,0.8969275,0.0,0.8355913
0.3339701,0.0066658556,0.9956311,0.47249985,0.9091837,0.0,0.8355913
0.33152798,0.00679487,0.9954607,0.5953593,0.88470143,0.0,0.8421325
0.3290872,0.006928116,0.99528533,0.43213654,0.8988063,0.0,0.8449995
0.32665554,0.0070673525,0.9951358,0.4751377,0.9090676,0.0,0.8449995
0.32422894,0.00721097,0.9949653,0.4295292,0.8855012,0.0,0.8164508
0.32180408,0.007356733,0.99476147,0.5476475,0.8866276,0.0,0.8164508
0.319381,0.007509023,0.9945543,0.45984554,0.8596707,0.0,0.79947275
0.31695902,0.007666558,0.9942817,0.49794245,0.8660439,0.0,0.8051724
0.3145326,0.007833391,0.99405277,0.53025484,0.86681646,0.0,0.8051724
0.31208998,0.008004665,0.99385875,0.5381365,0.8848428,0.0,0.7978859
0.30964407,0.008181572,0.993645,0.53202534,0.8799938,0.0,0.7978859
0.3071981,0.008367628,0.9934288,0.528357,0.86855936,0.0,0.7990857
0.30475327,0.00856185,0.9932042,0.57229376,0.87346065,0.0,0.7894054
0.30231127,0.0087610185,0.99293983,0.46479893,0.86146474,0.0,0.7894054
0.2998864,0.008968174,0.992736,0.60055494,0.88490117,0.0,0.7878947
0.29746306,0.009180456,0.992491,0.5789027,0.8751344,0.0,0.7743251
0.2958526,0.009326726,0.9923414,0.38061762,0.9097435,0.0,0.7743251
0.2934331,0.009549975,0.9920651,0.4954028,0.8451532,0.0,0.7499765
0.2910192,0.009781718,0.9917668,0.4387431,0.8419206,0.0,0.7499765
0.2886065,0.010016352,0.9914261,0.38625574,0.82876796,0.0,0.7346095
0.28616163,0.010264009,0.9911163,0.48901272,0.8608062,0.0,0.69172883
0.28370547,0.010519177,0.99077624,0.37568474,0.85253084,0.0,0.69172883
0.28125057,0.010786504,0.9904599,0.65402174,0.82051516,0.0,0.6991221
0.27879608,0.011065841,0.99012125,0.66788435,0.8118385,0.0,0.6991221
0.2763465,0.011358798,0.9897186,0.45082998,0.8213168,0.0,0.6874899
0.27390927,0.011658758,0.9892569,0.4752679,0.74867296,0.0,0.60063887
0.27151114,0.011971235,0.98867106,0.6674719,0.79116416,0.0,0.60063887
0.2691134,0.01229769,0.98814714,0.37026787,0.7564822,0.0,0.57562506
0.2667331,0.012634635,0.9876625,0.2759962,0.8056479,0.0,0.5749447
0.26435578,0.012983888,0.9871962,0.5034461,0.7381711,0.0,0.5749447
0.26196644,0.01334998,0.9866194,0.4669199,0.735751,0.0,0.61070246
0.25953013,0.0137428045,0.9860201,0.614913,0.7183612,0.0,0.6113937
0.25789294,0.014010459,0.9856734,0.7050214,0.7936327,0.0,0.6113937
0.25543457,0.014422804,0.98518187,0.6332679,0.7867016,0.0,0.5509435
0.25296134,0.014855325,0.9847212,0.7169032,0.78443754,0.0,0.5509435
0.2504976,0.015304714,0.98406935,0.64006376,0.6867274,0.0,0.53787863
0.24806353,0.015770555,0.9832631,0.48748398,0.64712083,0.0,0.53787863
0.24564782,0.016253918,0.9824314,0.48202467,0.6275317,0.0,0.510136
0.24326536,0.016753554,0.98172283,0.6160288,0.7336458,0.0,0.52631044
0.24088487,0.017278165,0.98107594,0.274055,0.7391968,0.0,0.52631044
0.23851883,0.017818272,0.9805403,0.35765696,0.7671137,0.0,0.5230487
0.23614623,0.01837048,0.9798626,0.30680847,0.70680463,0.0,0.5230487
0.23373747,0.018953621,0.97913253,0.717597,0.68511987,0.0,0.52359164
0.2313019,0.019552886,0.9783138,0.47804165,0.69985473,0.0,0.4939781
0.22884798,0.02018717,0.9776319,0.69702625,0.7221722,0.0,0.4939781
0.2263909,0.02083823,0.9769393,0.73547363,0.72682405,0.0,0.4675805
0.2239405,0.02150929,0.97607553,0.4530511,0.6064373,0.0,0.4675805
0.22152962,0.022204608,0.9750462,0.6467905,0.5618646,0.0,0.43952096
0.21911983,0.022930175,0.97387016,0.46764088,0.56573164,0.0,0.39962906
0.21751675,0.02343154,0.973106,0.589417,0.5192267,0.0,0.39962906
0.21516033,0.024194717,0.9719218,0.3976364,0.573066,0.0,0.39692795
0.2128078,0.024997324,0.97098565,0.6773758,0.702701,0.0,0.35188943
0.21049446,0.02581957,0.97025394,0.5144396,0.67012703,0.0,0.35188943
0.2081059,0.026677996,0.96928465,0.824327,0.5608022,0.0,0.35769582
0.20570755,0.027570486,0.96830803,0.26866484,0.7285726,0.0,0.35769582
0.2033009,0.028485775,0.9671656,0.52087736,0.47151524,0.0,0.33744782
0.20086965,0.029441804,0.96588975,0.6555948,0.4781159,0.0,0.28404045
0.19844794,0.030404568,0.96455026,0.39768887,0.4108284,0.0,0.28404045
0.19607896,0.03140405,0.9631355,0.71294403,0.4344955,0.0,0.2697612
0.1937077,0.032459527,0.9615043,0.49318218,0.30252868,0.0,0.2697612
0.19133967,0.033574134,0.9598615,0.6709833,0.33998817,0.0,0.2556635
0.18899547,0.03473559,0.957991,0.6742892,0.32768887,0.0,0.2791627
0.18669255,0.03590706,0.9562907,0.2984891,0.40609473,0.0,0.2791627
0.18435873,0.037152857,0.9550601,0.24273777,0.55852085,0.0,0.28590888
0.182018,0.03844896,0.9535456,0.75862646,0.34796816,0.0,0.2899409
0.17969005,0.03978753,0.9517005,0.21032333,0.26050764,0.0,0.2899409
0.1781404,0.040719986,0.9503435,0.29891634,0.19253254,0.0,0.3110308
0.17580982,0.042142957,0.948589,0.88242483,0.5245528,0.0,0.3110308
0.17349625,0.04361692,0.9472197,0.34860134,0.39602166,0.0,0.30175722
0.17119803,0.045100093,0.9457382,0.607779,0.40764904,0.0,0.30175722
0.16890346,0.046621114,0.9442081,0.5136657,0.380921,0.0,0.312887
0.16662228,0.048193216,0.9428613,0.56145906,0.4876722,0.0,0.30520058
0.16434905,0.049816042,0.9415132,0.5466275,0.3776549,0.0,0.30520058
0.16205302,0.05149713,0.9400478,0.21976805,0.47951362,0.0,0.28021622
0.15978524,0.053205103,0.9382736,0.7499404,0.2520489,0.0,0.28021622
0.15754253,0.054938853,0.9368912,0.2979145,0.46050093,0.0,0.2811063
0.15529607,0.056727767,0.9354334,0.7818837,0.35549837,0.0,0.28157717
0.15305659,0.058540076,0.9338064,0.7245846,0.30677676,0.0,0.28157717
0.1508533,0.060380697,0.93184525,0.2099328,0.34863126,0.0,0.26351798
0.14868492,0.06226185,0.9301902,0.29334068,0.30828512,0.0,0.2847615
0.14648533,0.064217806,0.9284791,0.480628,0.35893106,0.0,0.28233242
0.14429602,0.06621611,0.9268532,0.51312447,0.4203822,0.0,0.28233242
0.14284483,0.067557335,0.9258287,0.65287304,0.40818226,0.0,0.28233242
0.14067717,0.06962827,0.924387,0.44130564,0.4465419,0.0,0.2753569
0.13846534,0.07175475,0.92305535,0.7078619,0.4962363,0.0,0.27318066
0.1362221,0.07392198,0.921811,0.86837864,0.51602983,0.0,0.27318066
0.13401225,0.076103926,0.92049694,0.36144304,0.4038604,0.0,0.24467933
0.1318794,0.0783014,0.9189621,0.74852896,0.42349958,0.0,0.2381401
0.12974875,0.08055222,0.9176058,0.7118392,0.34813672,0.0,0.2381401
0.12769432,0.0827834,0.9160692,0.18104458,0.2724154,0.0,0.24982274
0.12563744,0.08504748,0.914111,0.61662006,0.36424148,0.0,0.24982274
0.12362459,0.08737162,0.9126536,0.18797112,0.4486068,0.0,0.24353367
0.121563,0.089715034,0.910991,0.41373777,0.32308877,0.0,0.27222657
0.11950208,0.092089236,0.90929925,0.6767664,0.3256812,0.0,0.27222657
0.117441386,0.09457621,0.9076848,0.6878457,0.3739919,0.0,0.30038464
0.11535534,0.09712735,0.9062909,0.81184244,0.45557475,0.0,0.30038464
0.11326195,0.099722356,0.90493965,0.7004266,0.4578482,0.0,0.28694212
0.111198485,0.102353424,0.9035058,0.73746824,0.36405897,0.0,0.28855985
0.1091786,0.10501596,0.9016583,0.6990509,0.26638657,0.0,0.25832218
0.107860416,0.10678953,0.90052664,0.3405528,0.3136496,0.0,0.25832218
0.10592361,0.10940933,0.89885414,0.34051037,0.4084621,0.0,0.25832218
0.10400514,0.11208063,0.8972396,0.27899075,0.3860119,0.0,0.27626872
0.10210313,0.1147908,0.89564157,0.22388983,0.27611232,0.0,0.2595263
0.10022904,0.11754283,0.89397407,0.33363438,0.39170206,0.0,0.2595263
0.09835066,0.120342195,0.8923509,0.7477441,0.46537998,0.0,0.26469123
0.09642613,0.12328699,0.89094675,0.5933814,0.383735,0.0,0.26469123
0.09451513,0.12624973,0.8893651,0.66092014,0.39250463,0.0,0.27698785
0.092616335,0.12925425,0.88785803,0.6014538,0.37275606,0.0,0.26273298
0.09073037,0.13227454,0.8862996,0.75408745,0.36853343,0.0,0.26273298
0.08883974,0.13533407,0.8847753,0.51631355,0.38702583,0.0,0.26389414
0.0870181,0.13837016,0.88322604,0.7124748,0.34654915,0.0,0.26389414
0.085243896,0.1413584,0.8815707,0.28517342,0.3458181,0.0,0.2465688
0.08348116,0.14433306,0.87993145,0.28807497,0.33758825,0.0,0.24246627
0.08174172,0.14740863,0.87831527,0.4618373,0.364186,0.0,0.24246627
0.08002487,0.15050656,0.8767466,0.45165873,0.32412887,0.0,0.29208493
0.078882515,0.15261608,0.8757686,0.39171743,0.39760077,0.0,0.29208493
0.077149004,0.15586421,0.8743263,0.8961654,0.5284308,0.0,0.29291362
0.075420395,0.15919846,0.8726685,0.772079,0.41653228,0.0,0.29291362
0.07370977,0.16260228,0.87121224,0.72584915,0.4521503,0.0,0.3169346
0.07201184,0.16602132,0.8698044,0.56239986,0.388489,0.0,0.3169346
0.07033037,0.16941133,0.86835396,0.6785717,0.38215107,0.0,0.27607656
0.06868073,0.1727972,0.8668108,0.4176445,0.36711425,0.0,0.27607656
0.06704506,0.17620838,0.86522853,0.6190758,0.37193483,0.0,0.2947145
0.06544882,0.17960435,0.8637524,0.24311924,0.45661622,0.0,0.29630262
0.06388308,0.18297672,0.8623867,0.22585249,0.4280998,0.0,0.29630262
0.062328577,0.18636578,0.86095023,0.44873905,0.43499112,0.0,0.27641535
0.060778424,0.189872,0.8594363,0.18915367,0.43146712,0.0,0.27641535
0.059231877,0.19341919,0.85827684,0.5326896,0.42552072,0.0,0.27315784
0.057697162,0.1970146,0.85703933,0.49108553,0.4219584,0.0,0.25917137
0.056159705,0.20070526,0.85541147,0.65825176,0.40708274,0.0,0.26357406
0.054652438,0.20447809,0.85401183,0.49504185,0.417574,0.0,0.26357406
0.053171903,0.20814762,0.85242,0.6861801,0.33458114,0.0,0.2582574
0.052192777,0.21059501,0.85139275,0.74094677,0.36192757,0.0,0.2582574
0.050748482,0.21428928,0.8497566,0.4695592,0.3160782,0.0,0.2546838
0.049319103,0.21800986,0.8481257,0.55461407,0.3620103,0.0,0.2546838
0.047920123,0.2217268,0.8464906,0.46192408,0.43154597,0.0,0.2562139
0.046553,0.22536215,0.84509027,0.7592583,0.4167189,0.0,0.2562139
0.045189902,0.22915381,0.8435153,0.32048798,0.33526278,0.0,0.23548931
0.04384601,0.23297766,0.84194297,0.16409445,0.34970832,0.0,0.23356193
0.042517275,0.23682505,0.8407662,0.82259846,0.3944164,0.0,0.23356193
0.0412056,0.24068397,0.83923423,0.40658092,0.28010094,0.0,0.28435886
0.03990896,0.24460247,0.8376233,0.41519737,0.47910768,0.0,0.28435886
0.038639322,0.24850634,0.8362754,0.43507624,0.40237403,0.0,0.22554266
0.03738615,0.25243372,0.8347548,0.5466833,0.43534583,0.0,0.28631276
0.036151618,0.25639224,0.8333717,0.56340265,0.46512863,0.0,0.28631276
0.034932643,0.26036906,0.8318262,0.69418144,0.3534277,0.0,0.28801072
0.033734307,0.26436955,0.8302556,0.6006279,0.35616452,0.0,0.27601075
0.032543674,0.26845118,0.8286575,0.46044397,0.3618319,0.0,0.27601075
0.031776637,0.27116555,0.82774943,0.6980505,0.49761888,0.0,0.27601075
0.030642211,0.27520534,0.82649916,0.29315948,0.49482188,0.0,0.27425683
0.02952142,0.27929643,0.8251714,0.51438475,0.42548227,0.0,0.2627284
0.028415814,0.2833795,0.8237554,0.38441753,0.42455894,0.0,0.2627284
0.027351752,0.28740376,0.82216287,0.40746307,0.32476032,0.0,0.25279135
0.026315406,0.29147235,0.82016814,0.49485302,0.29176503,0.0,0.25279135
0.025279641,0.29563665,0.81881523,0.49615574,0.51339024,0.0,0.24095356
0.024265453,0.29981926,0.81754875,0.53904676,0.48161793,0.0,0.24600077
0.023271456,0.30400965,0.81628704,0.65398836,0.49346736,0.0,0.24600077
0.022279128,0.30825227,0.81474733,0.6760082,0.37851566,0.0,0.25441617
0.021307498,0.31253815,0.8130974,0.7751298,0.31359202,0.0,0.25441617
0.020342857,0.31686708,0.8113867,0.7775922,0.3694799,0.0,0.24616247
0.019426942,0.32114106,0.8098581,0.16669941,0.4023394,0.0,0.22663409
0.018543914,0.32542163,0.8085405,0.08783007,0.44394785,0.0,0.22663409
0.017685771,0.32962197,0.80713725,0.21185255,0.33393234,0.0,0.23653871
0.016848952,0.33381277,0.8053877,0.64541054,0.31501228,0.0,0.21425593
0.016047195,0.33804363,0.80365944,0.14125633,0.50413847,0.0,0.21425593
0.01551865,0.34086204,0.8026742,0.71245766,0.36133164,0.0,0.2212193
0.01473473,0.3451782,0.801076,0.5277839,0.5321416,0.0,0.2212193
0.0139718205,0.34954363,0.79989123,0.6413307,0.49715573,0.0,0.2735526
0.01321575,0.3540464,0.7988592,0.79899216,0.6345314,0.0,0.2735526
0.012470156,0.35856885,0.79780996,0.8708906,0.4768569,0.0,0.26970392
0.011743411,0.3630634,0.79634863,0.6203146,0.3629033,0.0,0.26970392
0.011039168,0.36754572,0.7946359,0.35192156,0.25617337,0.0,0.26291114
0.010361254,0.37198168,0.79279125,0.74211884,0.403493,0.0,0.24775225
0.009723276,0.37626544,0.7917149,0.5227823,0.59228563,0.0,0.24775225
0.0091075,0.380548,0.7905445,0.15739536,0.4982527,0.0,0.25626844
0.008513123,0.3848806,0.7891886,0.19196844,0.3982367,0.0,0.25626844
0.007934362,0.38921273,0.7875902,0.43212605,0.22139066,0.0,0.20849675
0.0073824823,0.39357162,0.7856846,0.47482777,0.19035602,0.0,0.22594017
0.0068612695,0.39807278,0.78390586,0.8658352,0.6074847,0.0,0.22594017
0.006341845,0.4027711,0.78308356,0.9676852,0.6774337,0.0,0.22218597
0.005832404,0.40751415,0.7823901,0.9761572,0.7429267,0.0,0.20862341
0.0055006146,0.41066635,0.78188854,0.96900797,0.69041836,0.0,0.20862341
0.005004883,0.415379,0.7810181,0.6419382,0.5923921,0.0,0.18369514
0.00452438,0.41998485,0.7797376,0.62317324,0.24230087,0.0,0.18369514
0.0040671825,0.42447525,0.77766955,0.5043483,0.14962143,0.0,0.12837738
0.0036718845,0.4288932,0.77531767,0.01787901,0.24901474,0.0,0.12837738
0.0033013523,0.4332456,0.77401006,0.03197241,0.66085696,0.0,0.15645486
0.002941668,0.43753064,0.7732153,0.11659813,0.56216526,0.0,0.1518814
0.0025936663,0.44179183,0.77245337,0.42343187,0.66630393,0.0,0.1518814
0.0022575855,0.44627362,0.77151537,0.09302235,0.5271131,0.0,0.13282442
0.0019250512,0.45086044,0.7697962,0.84997225,0.112665236,0.0,0.13282442
0.0016286373,0.45552653,0.7679781,0.917418,0.38329786,0.0,0.12626094
0.0013551712,0.4603117,0.766932,0.66648865,0.64751935,0.0,0.13079184
0.0010944903,0.46512216,0.7662044,0.64259577,0.64128464,0.0,0.13079184
0.000836581,0.4696937,0.7646595,0.56585455,0.14475495,0.0,0.13002384
0.0006271601,0.47426024,0.7624761,0.37333202,0.117723465,0.0,0.13002384
0.00043797493,0.47882572,0.76000065,0.699903,0.0037930012,0.0,0.07087773
0.00029483438,0.48330927,0.75777805,0.52006483,0.4138078,0.0,0.14466703
0.00022438169,0.48629498,0.7568428,0.13040447,0.49116373,0.0,0.14466703
0.00012427568,0.49080315,0.7554003,0.9425936,0.39717817,0.0,0.1572352
4.9561262e-05,0.4953717,0.7534306,0.748549,0.07036221,0.0,0.16526508
1.0848045e-05,0.49994382,0.75131094,0.85533714,0.2375384,0.0,0.16526508
2.8908253e-06,0.5045494,0.75010985,0.36141682,0.44822097,0.0,0.13343275
0.0,0.509226,0.7482742,0.3664813,0.31975847,0.0,0.13343275
3.0398369e-05,0.5138425,0.7464782,0.7192116,0.25110978,0.0,0.15325338
5.4210424e-05,0.5184176,0.7445503,0.30218554,0.23970336,0.0,0.12938571
0.00010564923,0.52300143,0.7425095,0.752316,0.17612231,0.0,0.12938571
0.00021854043,0.5275824,0.74041295,0.7142315,0.17914319,0.0,0.15988785
0.0003902912,0.53214777,0.73831093,0.5106077,0.09882438,0.0,0.15988785
0.000579685,0.536702,0.7361203,0.17519188,0.27904242,0.0,0.19550115
0.00079652667,0.5412561,0.7348069,0.7225952,0.47586608,0.0,0.23283392
0.0010304749,0.5458113,0.7337814,0.88227224,0.628497,0.0,0.23283392
0.0012741685,0.55034894,0.7332143,0.23100996,0.53873,0.0,0.24995387
0.0015381873,0.55489576,0.7317102,0.78708124,0.3337468,0.0,0.18784153
0.0017313063,0.55793864,0.7305144,0.4922943,0.19347745,0.0,0.18784153
0.0020423532,0.5624059,0.7282503,0.35398054,0.16064692,0.0,0.17236507
0.0023788214,0.5669289,0.7264362,0.41374063,0.25392175,0.0,0.17236507
0.002705872,0.5714449,0.72437316,0.6993027,0.25612825,0.0,0.18898833
0.0030840337,0.5759732,0.72250426,0.76148367,0.2874382,0.0,0.18898833
0.0034914315,0.5804756,0.7206658,0.5323,0.35720223,0.0,0.25030106
0.0039538443,0.5850733,0.71929693,0.2797742,0.51749426,0.0,0.261164
0.004437119,0.5896751,0.7177818,0.34670687,0.3730182,0.0,0.261164
0.0049336255,0.59416974,0.7163619,0.5977278,0.4918559,0.0,0.27970523
0.005453795,0.59865457,0.715137,0.17416143,0.5405213,0.0,0.26347774
0.0059817135,0.6030953,0.71415037,0.13257647,0.63444805,0.0,0.26347774
0.006521821,0.60741115,0.7130229,0.25316,0.5879938,0.0,0.27194524
0.0070776045,0.61166906,0.71207654,0.14916277,0.6082054,0.0,0.27194524
0.007649809,0.61599547,0.71093714,0.37480736,0.4000165,0.0,0.25867742
0.0082472265,0.62043965,0.7092271,0.6026645,0.2818612,0.0,0.2333718
0.00882557,0.62485224,0.70731425,0.39026117,0.23797601,0.0,0.23559636
0.009465396,0.62932616,0.7056202,0.69530106,0.53493965,0.0,0.23559636
0.009916961,0.6323894,0.70490336,0.57476807,0.58473635,0.0,0.23559636
0.010611087,0.6369899,0.7038851,0.9009266,0.5450037,0.0,0.19917375
0.01131919,0.64160764,0.7028142,0.7065654,0.5521794,0.0,0.22405314
0.01203309,0.6461015,0.70163125,0.62688494,0.40060794,0.0,0.22405314
0.012722775,0.6504292,0.6998798,0.4805231,0.2877053,0.0,0.21546566
0.013469949,0.6546687,0.69811976,0.14066458,0.24858057,0.0,0.20928597
0.014247209,0.6589025,0.69593525,0.18627977,0.13304013,0.0,0.20928597
0.015053853,0.6631284,0.69379956,0.32808352,0.32934004,0.0,0.20702773
0.015874311,0.6673088,0.69217455,0.41046858,0.30301917,0.0,0.20702773
0.016731694,0.67156875,0.69036657,0.45021105,0.32883477,0.0,0.2551062
0.01762928,0.6759238,0.68880343,0.79074955,0.41673535,0.0,0.2119807
0.018568724,0.680322,0.68735474,0.80453014,0.532058,0.0,0.2119807
0.019516036,0.6847359,0.68607914,0.4960127,0.43205327,0.0,0.23090017
0.020486072,0.6891326,0.6848478,0.85085154,0.5436238,0.0,0.23090017
0.021481365,0.69345945,0.68353575,0.3940158,0.38958812,0.0,0.26899683
0.022466063,0.6976,0.6819215,0.48741102,0.29556668,0.0,0.27182811
0.023121864,0.70032173,0.6807472,0.5323396,0.36400682,0.0,0.27182811
0.02412346,0.7043846,0.6791692,0.47754812,0.4105273,0.0,0.2724092
0.025154084,0.7084178,0.6778531,0.19816542,0.42231196,0.0,0.2724092
0.026201427,0.71241486,0.67650765,0.5927348,0.45640588,0.0,0.2707435
0.027282417,0.7164279,0.67488545,0.5150442,0.31066072,0.0,0.27043664
0.028413042,0.7205467,0.67297316,0.5425286,0.15709126,0.0,0.27043664
0.029547796,0.7246585,0.6711045,0.5058298,0.29002118,0.0,0.28069597
0.030706719,0.72874,0.66935164,0.41080856,0.33149397,0.0,0.28069597
0.031915605,0.73282886,0.66786444,0.74378586,0.43430537,0.0,0.2779349
0.03313178,0.73687494,0.66645837,0.67497396,0.48583126,0.0,0.2962579
0.034360588,0.7408273,0.66517574,0.41485405,0.49037674,0.0,0.2962579
0.035600126,0.74474937,0.6638428,0.6693406,0.39876485,0.0,0.28312886
0.036798313,0.7486068,0.6622467,0.3504138,0.31971616,0.0,0.28434396
0.038044482,0.7524315,0.6607082,0.22544527,0.46876764,0.0,0.28434396
0.039309487,0.7562294,0.6593162,0.6193099,0.3928361,0.0,0.28219634
0.040628254,0.76007617,0.65773475,0.20567131,0.32553744,0.0,0.30655473
0.041959614,0.7639152,0.65649265,0.70560026,0.47061643,0.0,0.30655473
0.042877555,0.7664952,0.6556018,0.83623314,0.33911496,0.0,0.29570073
0.044273466,0.77033746,0.6538204,0.56453705,0.33252746,0.0,0.29570073
0.045690745,0.77415526,0.65214586,0.74444914,0.36095375,0.0,0.29493487
0.047098055,0.7778955,0.6506852,0.5407977,0.45080006,0.0,0.29493487
0.04852657,0.78160346,0.6493018,0.48818922,0.45690674,0.0,0.26497227
0.049970895,0.7853028,0.6478653,0.6596961,0.43752056,0.0,0.30322504
0.05143425,0.78897035,0.64649695,0.47021914,0.46995965,0.0,0.30322504
0.052875206,0.7925599,0.64505213,0.42572355,0.37319648,0.0,0.31520408
0.05433519,0.7961348,0.6435523,0.31456852,0.4429208,0.0,0.31520408
0.05585602,0.7997201,0.6419437,0.24502325,0.4021588,0.0,0.3257395
0.057385862,0.8032871,0.6404025,0.74355364,0.40741295,0.0,0.32629448
0.05893837,0.8068187,0.6388121,0.22679234,0.48850527,0.0,0.32629448
0.060508817,0.81033707,0.6375736,0.84566927,0.4031819,0.0,0.32373768
0.062117532,0.8138486,0.6361261,0.5272765,0.41160077,0.0,0.32373768
0.06371942,0.81729907,0.6346779,0.5525427,0.43284,0.0,0.33479214
0.06533691,0.8207262,0.63330436,0.6709595,0.47400442,0.0,0.33604598
0.06642389,0.8229948,0.6323717,0.6169419,0.409446,0.0,0.33604598
0.06806925,0.82637775,0.6310337,0.52033854,0.4657045,0.0,0.3114925
0.06973317,0.82972634,0.6296556,0.63322115,0.43547702,0.0,0.3114925
0.07142176,0.8330835,0.6280984,0.22263241,0.33820963,0.0,0.31723714
0.07311292,0.83637834,0.6268271,0.5487623,0.4828655,0.0,0.31135786
0.0748205,0.83964956,0.62526584,0.72947407,0.26950955,0.0,0.31135786
0.07654001,0.8428812,0.6236458,0.23287106,0.38556617,0.0,0.30706233
0.07828806,0.8460963,0.6219475,0.2180109,0.57439804,0.0,0.30706233
0.08001211,0.8492106,0.6204979,0.664176,0.3966757,0.0,0.31906295
0.081772625,0.85232717,0.61903137,0.58117294,0.44327468,0.0,0.2853952
0.083554104,0.8554348,0.6175518,0.4617319,0.4161387,0.0,0.2853952
0.08535425,0.85851073,0.61609656,0.66649437,0.4102639,0.0,0.29103553
0.08717397,0.86155975,0.6146573,0.57411385,0.45824766,0.0,0.29103553
0.08902979,0.8646002,0.613176,0.7909088,0.3596825,0.0,0.28736967
0.090914115,0.8676715,0.611568,0.71594954,0.3654551,0.0,0.29364765
0.092810616,0.87070096,0.60997695,0.3323636,0.3541332,0.0,0.29194564
0.09467791,0.87360734,0.6083888,0.33689737,0.3800987,0.0,0.29194564
0.09592058,0.87552667,0.6073394,0.43365526,0.3706391,0.0,0.29194564
0.09781818,0.8783636,0.605771,0.45790768,0.41910744,0.0,0.3079096
0.099699065,0.8811205,0.60424906,0.35240793,0.37239957,0.0,0.30240393
0.10159804,0.8838409,0.6025174,0.47088528,0.32584482,0.0,0.30240393
0.10353187,0.8865579,0.6009077,0.521358,0.4355383,0.0,0.3123306
0.10548532,0.88926387,0.5995673,0.4833107,0.48170987,0.0,0.32015908
0.107455656,0.8919337,0.59829897,0.50822306,0.4380219,0.0,0.32015908
0.1094695,0.8946061,0.59693694,0.72068787,0.44481218,0.0,0.33578843
0.11150724,0.8972769,0.59550375,0.4234643,0.44117004,0.0,0.33578843
0.11355446,0.8999107,0.59399706,0.4431224,0.28025687,0.0,0.02948904
0.11562802,0.9024895,0.59192955,0.03404951,0.1741029,0.0,0.013877928
0.11766973,0.9049761,0.5894117,0.67073154,0.08824748,0.0,0.013877928
0.119700834,0.90734565,0.58749723,0.30224133,0.4203753,0.0,0.29002005
0.12172933,0.90969086,0.5860235,0.20682287,0.46769345,0.0,0.29002005
0.12378515,0.9119999,0.5845892,0.41991663,0.40542644,0.0,0.37156314
0.12584983,0.9142779,0.5832722,0.35030365,0.51296926,0.0,0.37773418
0.12723373,0.9157816,0.5822743,0.4209876,0.3041497,0.0,0.37773418
0.12935548,0.9180323,0.58101255,0.5753932,0.61085963,0.0,0.47236332
0.13154247,0.9202782,0.5801209,0.41026974,0.6247305,0.0,0.47236332
0.13371994,0.92251253,0.5791503,0.45411205,0.5432027,0.0,0.4132712
0.1358989,0.9247336,0.57807404,0.66427374,0.51402247,0.0,0.41271484
0.1380863,0.92692065,0.5768936,0.5337639,0.49981657,0.0,0.41271484
0.1402668,0.9290745,0.5755631,0.5001488,0.47063726,0.0,0.4139347
0.14238949,0.9311427,0.57447684,0.24736786,0.6163713,0.0,0.3657444
0.14447701,0.9331862,0.57346034,0.2512064,0.5917711,0.0,0.3657444
0.14659236,0.93519217,0.5724234,0.22505808,0.57371354,0.0,0.40162766
0.14874011,0.93716276,0.5710222,0.5970106,0.47830254,0.0,0.40162766
0.15090257,0.9390998,0.5697273,0.6361494,0.5481868,0.0,0.42378634
0.15310523,0.94103277,0.56854934,0.57785225,0.5757365,0.0,0.38027573
0.15538734,0.942957,0.56753683,0.5794163,0.59786546,0.0,0.38027573
0.157683,0.944852,0.5665894,0.5789366,0.60037625,0.0,0.38684982
0.15998371,0.9467317,0.5656613,0.60885096,0.6090132,0.0,0.38565654
0.16228372,0.9485935,0.5647023,0.54597235,0.5303254,0.0,0.38565654
0.16378084,0.9498161,0.5639215,0.6873994,0.45591688,0.0,0.3819127
0.16602625,0.95159274,0.56248903,0.4440875,0.42502868,0.0,0.3819127
0.16825199,0.9533299,0.5612058,0.27251434,0.58059907,0.0,0.36839157
0.17044356,0.9550194,0.5602052,0.2413516,0.588778,0.0,0.36839157
0.17265135,0.95668465,0.55921304,0.5782213,0.6068288,0.0,0.3738613
0.17485476,0.95832765,0.5582352,0.30865288,0.54487455,0.0,0.36156785
0.17712504,0.95994806,0.55705535,0.82471037,0.4936854,0.0,0.36156785
0.17941836,0.9615469,0.5555611,0.370656,0.3918633,0.0,0.29233813
0.18176746,0.9631214,0.55419034,0.83330965,0.58044636,0.0,0.29233813
0.18415463,0.9646612,0.55319655,0.79890776,0.58778846,0.0,0.27199513
0.18655473,0.96617216,0.55221814,0.53213596,0.530985,0.0,0.27647316
0.1888665,0.9676486,0.55056363,0.6855149,0.3074838,0.0,0.27647316
0.19118664,0.9690831,0.54885894,0.34785128,0.35245246,0.0,0.25520658
0.19351019,0.97046435,0.5470754,0.38962126,0.26558125,0.0,0.25520658
0.1957987,0.9717734,0.54547966,0.13446665,0.5471532,0.0,0.24936485
0.19803934,0.9730438,0.5445026,0.16209269,0.609362,0.0,0.24343342
0.19956034,0.97388214,0.54380757,0.67041016,0.5780908,0.0,0.24343342
0.2019056,0.9751281,0.5426635,0.3695402,0.53326905,0.0,0.2532143
0.20425507,0.9763398,0.5415766,0.8815508,0.614558,0.0,0.2532143
0.20660461,0.9775139,0.540108,0.50063133,0.27986068,0.0,0.25167048
0.20901696,0.9786488,0.5381758,0.85887814,0.49783495,0.0,0.25167048
0.21146686,0.9797424,0.537159,0.67277527,0.5214033,0.0,0.2629758
0.21383038,0.98080736,0.53585327,0.5193987,0.37130225,0.0,0.2787965
0.21620378,0.98181844,0.5341374,0.5973644,0.3133965,0.0,0.2787965
0.21858266,0.9827808,0.5324095,0.44936466,0.36295718,0.0,0.28760582
0.2209649,0.983697,0.5306772,0.4821353,0.28419125,0.0,0.28760582
0.22332333,0.98456097,0.5291433,0.4587512,0.6268765,0.0,0.31571716
0.22572136,0.98539233,0.5283901,0.21714735,0.69850427,0.0,0.3242845
0.22810413,0.98620415,0.5276536,0.4724741,0.6935242,0.0,0.3242845
0.23049866,0.98699427,0.52698064,0.50997543,0.7035752,0.0,0.33192062
0.23290236,0.98776823,0.52617157,0.4900527,0.5183456,0.0,0.33253258
0.23529714,0.9885056,0.52494437,0.5618634,0.5854539,0.0,0.33253258
0.23768157,0.98920417,0.5235001,0.45773125,0.36877793,0.0,0.32500035
0.23928587,0.98966175,0.5226103,0.459898,0.5397228,0.0,0.32500035
0.24169378,0.99030876,0.5215298,0.353292,0.6113452,0.0,0.34379417
0.24410637,0.99092996,0.5203287,0.6428075,0.42255342,0.0,0.391055
0.24651872,0.99152946,0.5190495,0.6220908,0.4797248,0.0,0.391055
0.24895692,0.99206984,0.51775897,0.47168255,0.5295852,0.0,0.41378176
0.25141442,0.9925785,0.51660234,0.6376476,0.47016162,0.0,0.41378176
0.25384122,0.9930512,0.5156014,0.5146513,0.7638149,0.0,0.4693849
0.2562566,0.99349964,0.5150955,0.41029835,0.7871264,0.0,0.5148417
0.25868154,0.9939323,0.51463306,0.5158477,0.812824,0.0,0.5148417
0.26108313,0.99434984,0.5140904,0.49853897,0.7009798,0.0,0.5151769
0.26346555,0.9947493,0.5134485,0.41525745,0.72208303,0.0,0.5151769
0.26586086,0.99513006,0.5127454,0.6664667,0.70711887,0.0,0.52842367
0.26828966,0.9955009,0.5120536,0.5579338,0.7114026,0.0,0.5420065
0.27071702,0.9958483,0.51137936,0.3933587,0.71888095,0.0,0.5420065
0.27314812,0.9961711,0.5106989,0.31793785,0.7530312,0.0,0.5645639
0.27561122,0.9964727,0.5101157,0.4383235,0.73912823,0.0,0.5920242
0.27808186,0.996765,0.5095173,0.49929905,0.74695116,0.0,0.5920242
0.27972823,0.996957,0.5091354,0.63091564,0.73635846,0.0,0.60481596
0.28216365,0.9972158,0.5086869,0.69622993,0.8332525,0.0,0.60481596
0.28458723,0.9974606,0.5083194,0.6462388,0.8267995,0.0,0.6236963
0.28699967,0.9977039,0.5078894,0.3793893,0.76259786,0.0,0.6236963
0.28940094,0.99792814,0.5073285,0.526011,0.7590708,0.0,0.6388291
0.29180172,0.998142,0.5068232,0.5066042,0.7872273,0.0,0.64750355
0.2942213,0.99833536,0.50633353,0.5588889,0.78561455,0.0,0.64750355
0.29665557,0.9985167,0.50586903,0.47461653,0.79439443,0.0,0.66943455
0.29908708,0.99868417,0.50541705,0.6136179,0.78962225,0.0,0.66943455
0.30154154,0.9988365,0.5049933,0.5767865,0.8154452,0.0,0.687952
0.303999,0.99897397,0.5045998,0.6575384,0.8303103,0.0,0.687952
0.30645326,0.99909997,0.50422215,0.6295266,0.82122266,0.0,0.71036065
0.30889475,0.99922144,0.5038689,0.5143242,0.86664635,0.0,0.7196028
0.31132963,0.99933267,0.50359607,0.54378605,0.8619574,0.0,0.7196028
0.313754,0.99943614,0.50328934,0.45574093,0.8222706,0.0,0.7384161
0.31617323,0.9995338,0.5029337,0.37961245,0.8434585,0.0,0.7489584
0.31778538,0.9995938,0.5027021,0.5035839,0.8386855,0.0,0.7489584
0.32020375,0.99967664,0.5023818,0.43692875,0.82879126,0.0,0.7489584
0.32263726,0.999743,0.5020726,0.43269348,0.85270953,0.0,0.7658433
0.32507202,0.99980116,0.5017797,0.59115124,0.8570967,0.0,0.7814268
0.3275139,0.99985355,0.50151885,0.5672512,0.87248844,0.0,0.7814268
0.32996088,0.99989647,0.5012614,0.5931072,0.8489677,0.0,0.7898706
0.33240962,0.999929,0.5009955,0.6044159,0.84994227,0.0,0.7898706
0.33485496,0.999953,0.50071895,0.5789194,0.8704571,0.0,0.80223006
0.33729282,0.9999719,0.500525,0.5252032,0.8951291,0.0,0.811395
0.33972445,0.9999846,0.5003467,0.39920378,0.89502436,0.0,0.811395
0.34214678,0.99999374,0.50015616,0.41730165,0.88527095,0.0,0.8154852
0.3445704,1.0,0.49991837,0.47183895,0.88162065,0.0,0.8154852
0.34699446,0.9999999,0.49971247,0.44459057,0.8903048,0.0,0.83051455
0.3494246,0.9999952,0.49953043,0.51107025,0.8906071,0.0,0.8476115
0.3518568,0.9999842,0.4993758,0.50755453,0.9050858,0.0,0.8476115
0.35429448,0.999968,0.4992346,0.46264124,0.8967895,0.0,0.8501339
0.3567369,0.9999453,0.49907425,0.56470585,0.89962846,0.0,0.85804325
0.3583652,0.99992836,0.49895698,0.5094228,0.8950877,0.0,0.85804325
0.36080807,0.9998964,0.49879754,0.54576206,0.8969023,0.0,0.85804325
0.36324862,0.99986225,0.49864784,0.46870804,0.9210813,0.0,0.8684577
0.3656819,0.9998237,0.49854478,0.48441362,0.91014373,0.0,0.8684577
0.36811107,0.99978095,0.49842915,0.47829866,0.91912526,0.0,0.8821412
0.37053895,0.99973565,0.4983038,0.48526144,0.91243416,0.0,0.88636446
0.37296754,0.99968886,0.49816927,0.46195936,0.9112037,0.0,0.88636446
0.3753969,0.99963695,0.49804226,0.47932625,0.9267214,0.0,0.89275265
0.37783107,0.99958175,0.4979567,0.5043421,0.9243564,0.0,0.89275265
0.38026667,0.999524,0.49787155,0.5096998,0.92555726,0.0,0.903021
0.3827061,0.9994644,0.49778363,0.4937935,0.9298399,0.0,0.903021
0.38514507,0.9994018,0.49769336,0.5110183,0.926752,0.0,0.9092662
0.3875836,0.9993358,0.4976058,0.51662683,0.9252774,0.0,0.91241723
0.39002058,0.99926746,0.49752724,0.5177026,0.93593377,0.0,0.91241723
0.39245623,0.999196,0.49747652,0.48685408,0.9375662,0.0,0.92095524
0.39488864,0.99912316,0.49742448,0.52492666,0.93985164,0.0,0.9313096
0.39650953,0.99907416,0.49738693,0.5043721,0.940614,0.0,0.9313096
0.39894158,0.9989997,0.49731693,0.4983406,0.9281265,0.0,0.9361301
0.40137294,0.9989239,0.49725133,0.49561357,0.94079137,0.0,0.9361301
0.4038065,0.9988452,0.49721646,0.49325514,0.9484517,0.0,0.9410657
0.40624052,0.99876654,0.49720636,0.5172658,0.96321183,0.0,0.9410657
0.4086759,0.998688,0.49718568,0.50689983,0.95183223,0.0,0.94829065
0.41111153,0.9986086,0.4971586,0.5174117,0.95574236,0.0,0.95042264
0.41354692,0.9985283,0.49712628,0.49929953,0.94879246,0.0,0.95042264
0.41598248,0.99844706,0.49708682,0.51558876,0.94041735,0.0,0.95295334
0.41841674,0.9983643,0.49707633,0.5073085,0.96049184,0.0,0.95295334
0.42085066,0.99828124,0.49706963,0.5082493,0.9544775,0.0,0.95443135
0.4232845,0.9981981,0.49705353,0.50466394,0.947884,0.0,0.95443135
0.42571816,0.99811494,0.4970343,0.5083165,0.9559287,0.0,0.96040684
0.42815185,0.9980316,0.49702558,0.503572,0.9563581,0.0,0.9583265
0.43058547,0.9979477,0.49701652,0.5157871,0.9679567,0.0,0.9583265
0.4330195,0.9978631,0.4970337,0.5044322,0.9706344,0.0,0.97007936
0.43545318,0.99777997,0.49705,0.5038152,0.96034104,0.0,0.96955127
0.43707597,0.99772453,0.49705166,0.507565,0.95845467,0.0,0.96955127
0.43951052,0.9976418,0.49704772,0.5116997,0.95491385,0.0,0.96955127
0.441945,0.99755824,0.49704027,0.49891233,0.95615655,0.0,0.9729445
0.444379,0.9974749,0.4970357,0.5110822,0.9687749,0.0,0.97836596
0.44681293,0.9973917,0.4970705,0.5155926,0.9765055,0.0,0.97836596
0.44924772,0.99730927,0.49709275,0.5082507,0.96922415,0.0,0.98377365
0.45168298,0.99722695,0.4971113,0.50315666,0.96184605,0.0,0.98377365
0.45411792,0.99714506,0.49711838,0.49957228,0.9567943,0.0,0.9816159
0.45655233,0.99706376,0.49712577,0.51347685,0.9671753,0.0,0.9815953
0.45898628,0.99698305,0.49717575,0.49966383,0.99999994,0.0,0.9815953
0.46141958,0.9969045,0.49722916,0.5053797,0.97191006,0.0,0.98309946
0.46385273,0.9968269,0.49725395,0.49503994,0.9699111,0.0,0.98309946
0.46628684,0.99675035,0.4972672,0.51263475,0.9619582,0.0,0.9862404
0.46872085,0.99667424,0.4972793,0.5161309,0.96699506,0.0,0.98819387
0.47115442,0.9965981,0.49730077,0.5158224,0.9759578,0.0,0.98819387
0.47358835,0.9965225,0.49734658,0.51638556,0.97485834,0.0,0.9893379
0.47521195,0.9964726,0.49737346,0.51910925,0.96804357,0.0,0.9893379
0.4776469,0.99639887,0.497401,0.5066123,0.9699962,0.0,0.99103963
0.48008192,0.9963257,0.497425,0.51285934,0.96596676,0.0,0.99278146
0.48251683,0.99625254,0.49744287,0.4927559,0.9663258,0.0,0.99278146
0.48495108,0.99618095,0.4974771,0.4993267,0.9853793,0.0,0.9911126
0.48738503,0.99611145,0.49759063,0.50418854,0.9875753,0.0,0.9911126
0.48981762,0.9960443,0.49763507,0.51979256,0.97470164,0.0,0.99396306
0.49225077,0.99597883,0.49766055,0.50396585,0.9648741,0.0,0.9928989
0.49468416,0.99591446,0.49768507,0.49448347,0.9693585,0.0,0.9928989
0.4971175,0.9958501,0.4977048,0.51611376,0.9706227,0.0,0.99337447
0.49955064,0.9957863,0.49773893,0.49537373,0.9749234,0.0,0.99337447
0.50198597,0.9957234,0.49778265,0.52102757,0.97158355,0.0,0.9974814
0.50442183,0.99566126,0.49782187,0.51621103,0.96986055,0.0,0.99576604
0.50685835,0.99559987,0.49784616,0.5123558,0.96702766,0.0,0.99576604
0.5092941,0.9955387,0.49787068,0.50598955,0.9671296,0.0,0.9972138
0.5117289,0.9954793,0.49792,0.5093379,0.9913108,0.0,1.0
0.51335174,0.99544096,0.49797702,0.5104065,0.99958,0.0,1.0
0.51578426,0.9953853,0.49803245,0.50899696,0.9753747,0.0,0.9993953
0.51821727,0.99533224,0.4980762,0.4966936,0.97359663,0.0,0.9993953
