case,T,p_f,spec_idx,spec_label,total_branches,t_r,t_c,t_v
CMAPSS,10,0.0,0,$\varphi_1$,72,1.6721,29.5302,31.2023
CMAPSS,10,0.0,1,$\varphi_2$,72,1.6721,11.7396,13.4117
CMAPSS,10,0.0,2,$\varphi_3$,72,1.6721,234.5854,236.2575
CMAPSS,10,0.0,3,$\varphi_4$,72,1.6721,10.2596,11.931700000000001
CMAPSS,10,0.0,4,$\varphi_5$,72,1.6721,518.4781,520.1502
CMAPSS,10,0.0,5,$\varphi_6$,72,1.6721,575.8617,577.5338
CMAPSS,10,0.005,0,$\varphi_1$,1,13.0648,6.6333,19.6981
CMAPSS,10,0.005,1,$\varphi_2$,1,13.0648,2.1833,15.2481
CMAPSS,10,0.005,2,$\varphi_3$,1,13.0648,40.4326,53.4974
CMAPSS,10,0.005,3,$\varphi_4$,1,13.0648,2.1636,15.2284
CMAPSS,10,0.005,4,$\varphi_5$,1,13.0648,96.1013,109.1661
CMAPSS,10,0.005,5,$\varphi_6$,1,13.0648,103.7948,116.8596
CMAPSS,10,0.01,0,$\varphi_1$,1,12.9447,6.6577,19.6024
CMAPSS,10,0.01,1,$\varphi_2$,1,12.9447,2.1602,15.104899999999999
CMAPSS,10,0.01,2,$\varphi_3$,1,12.9447,40.2189,53.163599999999995
CMAPSS,10,0.01,3,$\varphi_4$,1,12.9447,2.1792,15.123899999999999
CMAPSS,10,0.01,4,$\varphi_5$,1,12.9447,96.22,109.1647
CMAPSS,10,0.01,5,$\varphi_6$,1,12.9447,104.7695,117.71419999999999
CMAPSS,10,0.05,0,$\varphi_1$,1,12.9547,6.6874,19.6421
CMAPSS,10,0.05,1,$\varphi_2$,1,12.9547,2.1959,15.1506
CMAPSS,10,0.05,2,$\varphi_3$,1,12.9547,40.217,53.1717
CMAPSS,10,0.05,3,$\varphi_4$,1,12.9547,2.2081,15.1628
CMAPSS,10,0.05,4,$\varphi_5$,1,12.9547,95.9436,108.8983
CMAPSS,10,0.05,5,$\varphi_6$,1,12.9547,103.6976,116.6523
CMAPSS,10,0.1,0,$\varphi_1$,1,13.0199,6.6312,19.6511
CMAPSS,10,0.1,1,$\varphi_2$,1,13.0199,2.168,15.187899999999999
CMAPSS,10,0.1,2,$\varphi_3$,1,13.0199,40.3787,53.3986
CMAPSS,10,0.1,3,$\varphi_4$,1,13.0199,2.1952,15.2151
CMAPSS,10,0.1,4,$\varphi_5$,1,13.0199,95.7051,108.725
CMAPSS,10,0.1,5,$\varphi_6$,1,13.0199,103.742,116.7619
CMAPSS,15,0.0,0,$\varphi_1$,132,11.4799,94.3444,105.8243
CMAPSS,15,0.0,1,$\varphi_2$,132,11.4799,36.6894,48.1693
CMAPSS,15,0.0,2,$\varphi_3$,132,11.4799,1254.4139,1265.8938
CMAPSS,15,0.0,3,$\varphi_4$,132,11.4799,39.385,50.8649
CMAPSS,15,0.0,4,$\varphi_5$,132,11.4799,57814.9158,57826.3957
CMAPSS,15,0.0,5,$\varphi_6$,132,11.4799,3728.379,3739.8588999999997
CMAPSS,15,0.005,0,$\varphi_1$,2,85.1597,7.8937,93.0534
CMAPSS,15,0.005,1,$\varphi_2$,2,85.1597,6.6398,91.7995
CMAPSS,15,0.005,2,$\varphi_3$,2,85.1597,188.5476,273.7073
CMAPSS,15,0.005,3,$\varphi_4$,2,85.1597,6.5205,91.6802
CMAPSS,15,0.005,4,$\varphi_5$,2,85.1597,9602.0853,9687.245
CMAPSS,15,0.005,5,$\varphi_6$,2,85.1597,519.5053,604.6650000000001
CMAPSS,15,0.01,0,$\varphi_1$,1,51.1601,7.5833,58.7434
CMAPSS,15,0.01,1,$\varphi_2$,1,51.1601,6.4574,57.6175
CMAPSS,15,0.01,2,$\varphi_3$,1,51.1601,185.9044,237.0645
CMAPSS,15,0.01,3,$\varphi_4$,1,51.1601,6.4138,57.5739
CMAPSS,15,0.01,4,$\varphi_5$,1,51.1601,9345.6508,9396.810899999999
CMAPSS,15,0.01,5,$\varphi_6$,1,51.1601,510.0939,561.254
CMAPSS,15,0.05,0,$\varphi_1$,1,50.7974,7.5781,58.3755
CMAPSS,15,0.05,1,$\varphi_2$,1,50.7974,6.7094,57.506800000000005
CMAPSS,15,0.05,2,$\varphi_3$,1,50.7974,185.1702,235.9676
CMAPSS,15,0.05,3,$\varphi_4$,1,50.7974,6.4891,57.286500000000004
CMAPSS,15,0.05,4,$\varphi_5$,1,50.7974,9359.0266,9409.823999999999
CMAPSS,15,0.05,5,$\varphi_6$,1,50.7974,511.4609,562.2583
CMAPSS,15,0.1,0,$\varphi_1$,1,51.0091,7.5923,58.6014
CMAPSS,15,0.1,1,$\varphi_2$,1,51.0091,6.4393,57.4484
CMAPSS,15,0.1,2,$\varphi_3$,1,51.0091,186.3213,237.3304
CMAPSS,15,0.1,3,$\varphi_4$,1,51.0091,6.4556,57.46469999999999
CMAPSS,15,0.1,4,$\varphi_5$,1,51.0091,9357.3557,9408.3648
CMAPSS,15,0.1,5,$\varphi_6$,1,51.0091,510.7674,561.7765
CMAPSS,20,0.0,0,$\varphi_1$,720,89.2901,65057.4187,65146.7088
CMAPSS,20,0.0,1,$\varphi_2$,720,89.2901,287.0701,376.3602
CMAPSS,20,0.0,2,$\varphi_3$,720,89.2901,10465.9792,10555.2693
CMAPSS,20,0.0,3,$\varphi_4$,720,89.2901,286.3335,375.6236
CMAPSS,20,0.0,4,$\varphi_5$,720,89.2901,5105.9328,5195.2229
CMAPSS,20,0.0,5,$\varphi_6$,720,89.2901,35926.0278,36015.3179
CMAPSS,20,0.005,0,$\varphi_1$,6,585.2051,2902.4402,3487.6453
CMAPSS,20,0.005,1,$\varphi_2$,6,585.2051,12.4972,597.7023
CMAPSS,20,0.005,2,$\varphi_3$,6,585.2051,416.3887,1001.5938
CMAPSS,20,0.005,3,$\varphi_4$,6,585.2051,12.8001,598.0052000000001
CMAPSS,20,0.005,4,$\varphi_5$,6,585.2051,221.8065,807.0116
CMAPSS,20,0.005,5,$\varphi_6$,6,585.2051,1459.7732,2044.9783000000002
CMAPSS,20,0.01,0,$\varphi_1$,3,318.3071,2133.735,2452.0421
CMAPSS,20,0.01,1,$\varphi_2$,3,318.3071,11.4862,329.7933
CMAPSS,20,0.01,2,$\varphi_3$,3,318.3071,360.2976,678.6047
CMAPSS,20,0.01,3,$\varphi_4$,3,318.3071,11.5444,329.8515
CMAPSS,20,0.01,4,$\varphi_5$,3,318.3071,190.3188,508.6259
CMAPSS,20,0.01,5,$\varphi_6$,3,318.3071,1244.1467,1562.4538
CMAPSS,20,0.05,0,$\varphi_1$,2,254.3046,2044.7151,2299.0197
CMAPSS,20,0.05,1,$\varphi_2$,2,254.3046,11.0788,265.3834
CMAPSS,20,0.05,2,$\varphi_3$,2,254.3046,346.1819,600.4865
CMAPSS,20,0.05,3,$\varphi_4$,2,254.3046,11.0138,265.3184
CMAPSS,20,0.05,4,$\varphi_5$,2,254.3046,182.3189,436.62350000000004
CMAPSS,20,0.05,5,$\varphi_6$,2,254.3046,1197.6925,1451.9971
CMAPSS,20,0.1,0,$\varphi_1$,1,155.1565,1995.6202,2150.7767
CMAPSS,20,0.1,1,$\varphi_2$,1,155.1565,10.8506,166.00709999999998
CMAPSS,20,0.1,2,$\varphi_3$,1,155.1565,338.551,493.7075
CMAPSS,20,0.1,3,$\varphi_4$,1,155.1565,10.7407,165.8972
CMAPSS,20,0.1,4,$\varphi_5$,1,155.1565,178.0061,333.1626
CMAPSS,20,0.1,5,$\varphi_6$,1,155.1565,1170.4769,1325.6334
LIMO,10,0.0,0,$\varphi_1$,8,0.1861,6518.754,6518.9401
LIMO,10,0.0,1,$\varphi_2$,8,0.1861,11.731,11.9171
LIMO,10,0.0,2,$\varphi_3$,8,0.1861,236.0915,236.2776
LIMO,10,0.0,3,$\varphi_4$,8,0.1861,11.9084,12.0945
LIMO,10,0.0,4,$\varphi_5$,8,0.1861,141.2097,141.3958
LIMO,10,0.0,5,$\varphi_6$,8,0.1861,559.96,560.1461
LIMO,10,0.005,0,$\varphi_1$,1,12.5842,1656.7771,1669.3613
LIMO,10,0.005,1,$\varphi_2$,1,12.5842,4.4259,17.0101
LIMO,10,0.005,2,$\varphi_3$,1,12.5842,84.2441,96.8283
LIMO,10,0.005,3,$\varphi_4$,1,12.5842,4.3794,16.9636
LIMO,10,0.005,4,$\varphi_5$,1,12.5842,51.3685,63.95269999999999
LIMO,10,0.005,5,$\varphi_6$,1,12.5842,204.5626,217.1468
LIMO,10,0.01,0,$\varphi_1$,1,12.4942,1632.6087,1645.1029
LIMO,10,0.01,1,$\varphi_2$,1,12.4942,4.2127,16.706899999999997
LIMO,10,0.01,2,$\varphi_3$,1,12.4942,80.31,92.80420000000001
LIMO,10,0.01,3,$\varphi_4$,1,12.4942,4.212,16.7062
LIMO,10,0.01,4,$\varphi_5$,1,12.4942,49.1199,61.6141
LIMO,10,0.01,5,$\varphi_6$,1,12.4942,195.5669,208.0611
LIMO,10,0.05,0,$\varphi_1$,1,11.9553,1576.3483,1588.3036000000002
LIMO,10,0.05,1,$\varphi_2$,1,11.9553,4.225,16.1803
LIMO,10,0.05,2,$\varphi_3$,1,11.9553,80.4458,92.4011
LIMO,10,0.05,3,$\varphi_4$,1,11.9553,4.212,16.167299999999997
LIMO,10,0.05,4,$\varphi_5$,1,11.9553,49.1013,61.0566
LIMO,10,0.05,5,$\varphi_6$,1,11.9553,195.1824,207.1377
LIMO,10,0.1,0,$\varphi_1$,1,12.1812,1573.9947,1586.1759
LIMO,10,0.1,1,$\varphi_2$,1,12.1812,4.2895,16.4707
LIMO,10,0.1,2,$\varphi_3$,1,12.1812,81.507,93.68820000000001
LIMO,10,0.1,3,$\varphi_4$,1,12.1812,4.2824,16.4636
LIMO,10,0.1,4,$\varphi_5$,1,12.1812,49.7364,61.91760000000001
LIMO,10,0.1,5,$\varphi_6$,1,12.1812,197.5903,209.7715
LIMO,15,0.0,0,$\varphi_1$,8,0.4687,508.6064,509.0751
LIMO,15,0.0,1,$\varphi_2$,8,0.4687,33.4255,33.8942
LIMO,15,0.0,2,$\varphi_3$,8,0.4687,989.8744,990.3431
LIMO,15,0.0,3,$\varphi_4$,8,0.4687,30.7488,31.217499999999998
LIMO,15,0.0,4,$\varphi_5$,8,0.4687,3477.4275,3477.8961999999997
LIMO,15,0.0,5,$\varphi_6$,8,0.4687,2401.8607,2402.3294
LIMO,15,0.005,0,$\varphi_1$,1,45.0914,202.2983,247.3897
LIMO,15,0.005,1,$\varphi_2$,1,45.0914,12.3621,57.4535
LIMO,15,0.005,2,$\varphi_3$,1,45.0914,391.515,436.6064
LIMO,15,0.005,3,$\varphi_4$,1,45.0914,12.2076,57.299
LIMO,15,0.005,4,$\varphi_5$,1,45.0914,799.2744,844.3658
LIMO,15,0.005,5,$\varphi_6$,1,45.0914,972.0382,1017.1296
LIMO,15,0.01,0,$\varphi_1$,1,44.6223,202.0037,246.626
LIMO,15,0.01,1,$\varphi_2$,1,44.6223,12.4661,57.08840000000001
LIMO,15,0.01,2,$\varphi_3$,1,44.6223,389.5708,434.1931
LIMO,15,0.01,3,$\varphi_4$,1,44.6223,12.4409,57.0632
LIMO,15,0.01,4,$\varphi_5$,1,44.6223,796.9283,841.5506
LIMO,15,0.01,5,$\varphi_6$,1,44.6223,969.0166,1013.6389
LIMO,15,0.05,0,$\varphi_1$,1,44.6539,201.2526,245.9065
LIMO,15,0.05,1,$\varphi_2$,1,44.6539,12.4894,57.143299999999996
LIMO,15,0.05,2,$\varphi_3$,1,44.6539,388.6499,433.3038
LIMO,15,0.05,3,$\varphi_4$,1,44.6539,12.5,57.1539
LIMO,15,0.05,4,$\varphi_5$,1,44.6539,796.8781,841.532
LIMO,15,0.05,5,$\varphi_6$,1,44.6539,967.7775,1012.4314
LIMO,15,0.1,0,$\varphi_1$,1,44.4568,200.9926,245.44940000000003
LIMO,15,0.1,1,$\varphi_2$,1,44.4568,12.4834,56.940200000000004
LIMO,15,0.1,2,$\varphi_3$,1,44.4568,388.4338,432.8906
LIMO,15,0.1,3,$\varphi_4$,1,44.4568,12.4579,56.9147
LIMO,15,0.1,4,$\varphi_5$,1,44.4568,796.7267,841.1835000000001
LIMO,15,0.1,5,$\varphi_6$,1,44.4568,968.4589,1012.9157
LIMO,20,0.0,0,$\varphi_1$,128,3.7855,5651.9431,5655.7286
LIMO,20,0.0,1,$\varphi_2$,128,3.7855,265.5453,269.3308
LIMO,20,0.0,2,$\varphi_3$,128,3.7855,11155.8496,11159.6351
LIMO,20,0.0,3,$\varphi_4$,128,3.7855,264.9421,268.7276
LIMO,20,0.0,4,$\varphi_5$,128,3.7855,4290.916,4294.7015
LIMO,20,0.0,5,$\varphi_6$,128,3.7855,29178.287,29182.072500000002
LIMO,20,0.005,0,$\varphi_1$,1,135.2572,445.9731,581.2302999999999
LIMO,20,0.005,1,$\varphi_2$,1,135.2572,20.835,156.09220000000002
LIMO,20,0.005,2,$\varphi_3$,1,135.2572,867.1245,1002.3817
LIMO,20,0.005,3,$\varphi_4$,1,135.2572,20.809,156.0662
LIMO,20,0.005,4,$\varphi_5$,1,135.2572,286.5088,421.766
LIMO,20,0.005,5,$\varphi_6$,1,135.2572,1833.8145,1969.0717
LIMO,20,0.01,0,$\varphi_1$,1,129.6286,226.187,355.8156
LIMO,20,0.01,1,$\varphi_2$,1,129.6286,10.8259,140.4545
LIMO,20,0.01,2,$\varphi_3$,1,129.6286,457.6939,587.3225
LIMO,20,0.01,3,$\varphi_4$,1,129.6286,10.9907,140.6193
LIMO,20,0.01,4,$\varphi_5$,1,129.6286,148.3761,278.0047
LIMO,20,0.01,5,$\varphi_6$,1,129.6286,1181.6774,1311.306
LIMO,20,0.05,0,$\varphi_1$,1,138.0469,234.6604,372.70730000000003
LIMO,20,0.05,1,$\varphi_2$,1,138.0469,10.7767,148.8236
LIMO,20,0.05,2,$\varphi_3$,1,138.0469,458.6271,596.674
LIMO,20,0.05,3,$\varphi_4$,1,138.0469,10.874,148.9209
LIMO,20,0.05,4,$\varphi_5$,1,138.0469,148.8823,286.9292
LIMO,20,0.05,5,$\varphi_6$,1,138.0469,1176.5319,1314.5788
LIMO,20,0.1,0,$\varphi_1$,1,137.7737,231.2416,369.0153
LIMO,20,0.1,1,$\varphi_2$,1,137.7737,10.9328,148.7065
LIMO,20,0.1,2,$\varphi_3$,1,137.7737,449.5688,587.3425
LIMO,20,0.1,3,$\varphi_4$,1,137.7737,10.8564,148.6301
LIMO,20,0.1,4,$\varphi_5$,1,137.7737,148.8285,286.6022
LIMO,20,0.1,5,$\varphi_6$,1,137.7737,1189.7805,1327.5542
